timestamp,Irrad,Tair,rain,wind,RH
2017-09-20 0:00,0,21.2,0,1.2,60
2017-09-20 1:00,0.1,20.5,0,1.6,63
2017-09-20 2:00,0.1,20.3,0,1.6,69
2017-09-20 3:00,0.1,21.7,0,2.2,73
2017-09-20 4:00,0.1,24.1,0,3.3,74
2017-09-20 5:00,0.1,24.2,0,3.2,79
2017-09-20 6:00,0.1,23.9,0,2.9,81
2017-09-20 7:00,7.6,23.8,0,3,82
2017-09-20 8:00,45.3,23.9,0,2.8,81
2017-09-20 9:00,123.8,24.6,0,2.6,80
2017-09-20 10:00,212.2,25.3,0,2.9,81
2017-09-20 11:00,276.7,26,0,2.8,86
2017-09-20 12:00,326.2,26.3,0,2.5,91
2017-09-20 13:00,163.1,25.2,0,2.5,81
2017-09-20 14:00,71.4,24.2,0,1.7,56
2017-09-20 15:00,138.2,23.7,0,1.5,47
2017-09-20 16:00,99.1,23.4,0,1.2,57
2017-09-20 17:00,100.8,23.6,0,0.4,64
2017-09-20 18:00,36.4,23,0,0.4,62
2017-09-20 19:00,6.8,21.9,0,0.5,64
2017-09-20 20:00,0.1,20.7,0,1,59
2017-09-20 21:00,0.1,19.8,0,1.4,61
2017-09-20 22:00,0,19.5,0,1.5,60
2017-09-20 23:00,0,19,0,1.7,62
2017-09-21 0:00,0.1,18.7,0,1,64
2017-09-21 1:00,0,18.5,0,1.3,68
2017-09-21 2:00,0.1,18.3,0,1.2,70
2017-09-21 3:00,0.1,18.1,0,1.1,73
2017-09-21 4:00,0.1,17.5,0,1.7,73
2017-09-21 5:00,0.1,16.9,0,2.1,73
2017-09-21 6:00,0.1,16.3,0,2.3,73
2017-09-21 7:00,11.5,16.1,0,2,69
2017-09-21 8:00,69.8,17.2,0,1.5,62
2017-09-21 9:00,158.9,19.4,0,0.7,58
2017-09-21 10:00,222.2,21.7,0,0.5,61
2017-09-21 11:00,319.3,22.5,0,0.4,57
2017-09-21 12:00,421.8,23,0,1.1,55
2017-09-21 13:00,457.7,23.4,0,1,58
2017-09-21 14:00,464.2,23.9,0,1.1,51
2017-09-21 15:00,597.1,24.5,0,1.6,71
2017-09-21 16:00,438.2,24.6,0,1.9,71
2017-09-21 17:00,179.6,23.4,0,1.5,75
2017-09-21 18:00,117.2,22.9,0,1.6,78
2017-09-21 19:00,18.3,22,0,0.9,76
2017-09-21 20:00,0.1,20.6,0,0.2,75
2017-09-21 21:00,0.1,19.1,0,1.5,67
2017-09-21 22:00,0.1,18.8,0,2,65
2017-09-21 23:00,0.1,19.1,0,1.8,72
2017-09-22 0:00,0.1,19.9,0,1.5,72
2017-09-22 1:00,0,19.9,0,1,69
2017-09-22 2:00,0.1,19.8,0,0.5,68
2017-09-22 3:00,0.1,19.7,0,1.2,73
2017-09-22 4:00,0,19.9,0,1.1,72
2017-09-22 5:00,0,20.2,0,0.5,74
2017-09-22 6:00,0.1,20.2,0,0.6,74
2017-09-22 7:00,8.9,20.4,0,0.7,71
2017-09-22 8:00,47.5,21.7,0,0.9,78
2017-09-22 9:00,76,22.9,0,1,76
2017-09-22 10:00,196.9,23.5,0,2,73
2017-09-22 11:00,317.8,24.4,0,2.6,65
2017-09-22 12:00,519.8,25.5,0,2.3,66
2017-09-22 13:00,656.7,27.9,0,1.6,64
2017-09-22 14:00,501.3,26.8,0,2,70
2017-09-22 15:00,323.8,25.6,0,1.7,72
2017-09-22 16:00,258.9,25.2,0,1.3,74
2017-09-22 17:00,232.6,25.4,0,1.3,76
2017-09-22 18:00,110.1,24.6,0,1.1,78
2017-09-22 19:00,9.9,23.4,0,0.6,81
2017-09-22 20:00,0,21.8,0,0.8,80
2017-09-22 21:00,0.1,20.4,0,2.1,77
2017-09-22 22:00,0,20,0,2.4,72
2017-09-22 23:00,0.1,19.6,0,2.4,73
2017-09-23 0:00,0,19.3,0,2.2,74
2017-09-23 1:00,0,19.1,0,2.1,74
2017-09-23 2:00,0.1,19.5,0,1.8,79
2017-09-23 3:00,0.1,19.4,0,1.6,76
2017-09-23 4:00,0.1,19.2,0,2.1,77
2017-09-23 5:00,0.1,19.3,0,1.3,79
2017-09-23 6:00,0.1,19.4,0,1.6,71
2017-09-23 7:00,2.2,18.6,0,1.7,79
2017-09-23 8:00,16,19,0,1,80
2017-09-23 9:00,60.8,20.1,0,0.7,75
2017-09-23 10:00,149.4,21.2,0,1,74
2017-09-23 11:00,118.7,22.3,0,0.5,71
2017-09-23 12:00,211,22.6,0,0.5,70
2017-09-23 13:00,139.6,23.1,0,0.2,66
2017-09-23 14:00,235.3,23.9,0,0.5,53
2017-09-23 15:00,362.8,26,0,1,55
2017-09-23 16:00,426.4,26.4,0,1,66
2017-09-23 17:00,272.6,26,0,0.9,72
2017-09-23 18:00,139.7,24.3,0,1.2,77
2017-09-23 19:00,12.8,22.4,0,0.6,77
2017-09-23 20:00,0.1,19.9,0,1.6,77
2017-09-23 21:00,0.1,18.9,0,2.1,78
2017-09-23 22:00,0.1,18.2,0,2.2,74
2017-09-23 23:00,0,17.8,0,2.4,71
2017-09-24 0:00,0.1,17.8,0,2.4,74
2017-09-24 1:00,0,18,0,2.5,70
2017-09-24 2:00,0.1,18.1,0,2,73
2017-09-24 3:00,0.1,18.1,0,1.9,71
2017-09-24 4:00,0.1,18.4,0,2.3,76
2017-09-24 5:00,0.1,18.5,0,2.5,77
2017-09-24 6:00,0.1,18.3,0,2.6,76
2017-09-24 7:00,3.6,18.4,0,2.2,67
2017-09-24 8:00,43.1,18.8,0,2,73
2017-09-24 9:00,136.8,21.2,0,0.4,74
2017-09-24 10:00,234.4,22.7,0,0.7,77
2017-09-24 11:00,485.4,25.2,0,1.8,79
2017-09-24 12:00,612.6,26.7,0,2.5,75
2017-09-24 13:00,670.7,27.6,0,2.9,62
2017-09-24 14:00,610,28,0,2.8,41
2017-09-24 15:00,599.6,29.2,0,2.9,42
2017-09-24 16:00,465.7,29.6,0,2.9,47
2017-09-24 17:00,232.7,28.8,0,2.4,55
2017-09-24 18:00,83.9,27.2,0,0.7,61
2017-09-24 19:00,4.7,24.6,0,1,63
2017-09-24 20:00,0.1,22.5,0,1.3,68
2017-09-24 21:00,0.1,21.1,0,1.4,71
2017-09-24 22:00,0.1,20.5,0,1.6,68
2017-09-24 23:00,0.1,19.8,0,2.1,70
2017-09-25 0:00,0.1,19.5,0,2.7,55
2017-09-25 1:00,0,19.3,0,1.6,47
2017-09-25 2:00,0.1,18.9,0,1.7,72
2017-09-25 3:00,0.1,19.5,0,1,78
2017-09-25 4:00,0.1,19.5,0,1,81
2017-09-25 5:00,0.1,20.6,0,1.4,84
2017-09-25 6:00,0.1,21.3,0,2.1,81
2017-09-25 7:00,5.7,22.4,0,2.4,74
2017-09-25 8:00,64.5,24,0,2.3,72
2017-09-25 9:00,103.3,24.4,0,1.5,67
2017-09-25 10:00,268,25,0,2.6,66
2017-09-25 11:00,370.4,26.1,0,3.9,57
2017-09-25 12:00,562.6,27.2,0,4.2,52
2017-09-25 13:00,648.8,28.3,0,4.6,55
2017-09-25 14:00,497.3,29.3,0,2.2,57
2017-09-25 15:00,476,28.7,0,3.2,51
2017-09-25 16:00,319.9,27.6,0,4.2,56
2017-09-25 17:00,219.7,27.2,0,3,64
2017-09-25 18:00,104.7,25.9,0,3,68
2017-09-25 19:00,5.5,24.7,0,2.9,71
2017-09-25 20:00,0.1,24.3,0,2.7,70
2017-09-25 21:00,0.1,24.1,0,2.7,69
2017-09-25 22:00,0.1,23.9,0,3.7,69
2017-09-25 23:00,0.1,24,0,5.3,67
2017-09-26 0:00,0.1,24.3,0,5.2,67
2017-09-26 1:00,0,24.3,0,4.4,67
2017-09-26 2:00,0.1,24.3,0,2.5,65
2017-09-26 3:00,0.1,24.1,0,2.3,67
2017-09-26 4:00,0.1,24.2,0,2.9,71
2017-09-26 5:00,0.1,24.4,0,3.4,76
2017-09-26 6:00,0.1,24.2,0,4.2,78
2017-09-26 7:00,13.3,24.3,0,4,76
2017-09-26 8:00,74.5,25.3,0,3.4,75
2017-09-26 9:00,142.9,26.1,0,3.1,71
2017-09-26 10:00,315.4,27.1,0,4.3,69
2017-09-26 11:00,344.5,27.6,0,4.6,65
2017-09-26 12:00,692.6,29.3,0,4.2,65
2017-09-26 13:00,491.5,29.2,0,4.2,65
2017-09-26 14:00,570.3,29.9,0,4.2,70
2017-09-26 15:00,464.6,28.9,0,4.8,74
2017-09-26 16:00,339.5,27.8,0,4.8,74
2017-09-26 17:00,151.5,26.9,0,5.2,76
2017-09-26 18:00,46.9,26.7,0,3.8,79
2017-09-26 19:00,2.2,26.2,0,2.1,89
2017-09-26 20:00,0.1,25.9,0,0.7,91
2017-09-26 21:00,0.1,25.1,0,0.4,90
2017-09-26 22:00,0.1,24.6,0,0.3,94
2017-09-26 23:00,0.1,24.7,0,0.4,87
2017-09-27 0:00,0.1,24.4,0,0.8,84
2017-09-27 1:00,0,24.6,0,0.5,90
2017-09-27 2:00,0.1,24.7,0,0.2,92
2017-09-27 3:00,0.1,24.7,0,0.6,96
2017-09-27 4:00,0.1,24.9,0,2.8,97
2017-09-27 5:00,0.1,24.6,0,3.9,94
2017-09-27 6:00,0,24.4,0,4.2,94
2017-09-27 7:00,1.9,24.5,0,3.5,93
2017-09-27 8:00,27.2,24.7,0,3.5,90
2017-09-27 9:00,94.4,24.9,0,3.9,95
2017-09-27 10:00,174.5,25.7,0,4.1,92
2017-09-27 11:00,152.8,25.3,0,4.2,95
2017-09-27 12:00,122.1,24.9,0,3.7,96
2017-09-27 13:00,33.3,23.5,0,3.1,94
2017-09-27 14:00,32.8,22.1,0,2,88
2017-09-27 15:00,68.5,21.6,0,2,89
2017-09-27 16:00,63,21.6,1,1,88
2017-09-27 17:00,26.3,21.3,1,2.4,88
2017-09-27 18:00,7.9,21.3,1,1.6,86
2017-09-27 19:00,1.5,21.2,1,1.7,85
2017-09-27 20:00,0,21.3,1,1.3,84
2017-09-27 21:00,0,21.4,1,1.3,84
2017-09-27 22:00,0,21.4,1,1,83
2017-09-27 23:00,0,21.4,1,1.2,84
2017-09-28 0:00,0,21.3,1,0.8,88
2017-09-28 1:00,0,21.3,0,0.7,88
2017-09-28 2:00,0,21.5,0,1.8,87
2017-09-28 3:00,0,21.4,1,2.1,89
2017-09-28 4:00,0.1,21.3,1,1.9,89
2017-09-28 5:00,0.1,21.3,1,1.2,87
2017-09-28 6:00,0.1,21.4,1,0.9,86
2017-09-28 7:00,3.7,21.5,1,0.3,88
2017-09-28 8:00,30.6,21.8,1,1,85
2017-09-28 9:00,83.4,22.1,1,1.6,81
2017-09-28 10:00,166.1,22.5,1,1.8,77
2017-09-28 11:00,188.6,22.8,1,2.4,76
2017-09-28 12:00,186.1,22.7,1,2.9,70
2017-09-28 13:00,363.6,23.2,1,2.6,65
2017-09-28 14:00,441.7,23.9,1,2.1,55
2017-09-28 15:00,569.7,24.8,1,2.2,52
2017-09-28 16:00,486.2,25,1,2.3,53
2017-09-28 17:00,301.8,25.6,1,1.4,55
2017-09-28 18:00,96,23.3,1,1.9,65
2017-09-28 19:00,10.8,21.2,1,1.1,66
2017-09-28 20:00,0.1,19.3,1,1,66
2017-09-28 21:00,0,18.4,1,1.2,67
2017-09-28 22:00,0,18,1,1.1,69
2017-09-28 23:00,0,17.6,1,1.1,64
2017-09-29 0:00,0,18,1,1.1,63
2017-09-29 1:00,0,17.9,0,1,69
2017-09-29 2:00,0,17.3,0,1.1,72
2017-09-29 3:00,0,16.8,0,0.8,68
2017-09-29 4:00,0,18.4,0,1.1,54
2017-09-29 5:00,0,18.8,0,1.7,57
2017-09-29 6:00,0.1,18.5,0,1.3,56
2017-09-29 7:00,17.7,17.4,0,0.7,55
2017-09-29 8:00,161.2,17.5,0,0.7,52
2017-09-29 9:00,365.4,19.9,0,1.6,50
2017-09-29 10:00,546.4,20.8,0,1.3,46
2017-09-29 11:00,682.3,21.9,0,0.9,47
2017-09-29 12:00,772.2,22.4,0,0.7,40
2017-09-29 13:00,793.1,22.8,0,1.4,32
2017-09-29 14:00,723.4,24.1,0,1.9,35
2017-09-29 15:00,652.2,23.9,0,2.7,37
2017-09-29 16:00,455.4,23.2,0,2.1,40
2017-09-29 17:00,288.8,23.3,0,2.2,43
2017-09-29 18:00,53.2,20.7,0,1.5,46
2017-09-29 19:00,3.1,19.2,0,1.4,49
2017-09-29 20:00,0.1,17.9,0,1.5,51
2017-09-29 21:00,0.1,17.3,0,1.6,54
2017-09-29 22:00,0.1,16.2,0,2.1,55
2017-09-29 23:00,0.1,15.6,0,2.3,56
2017-09-30 0:00,0.1,16.2,0,1.6,58
2017-09-30 1:00,0,16.4,0,1.8,59
2017-09-30 2:00,0.1,16.3,0,2.3,61
2017-09-30 3:00,0.1,16.1,0,2.5,62
2017-09-30 4:00,0.1,15.8,0,2.7,64
2017-09-30 5:00,0.1,15.6,0,2.7,66
2017-09-30 6:00,0.1,15.4,0,2.7,63
2017-09-30 7:00,12.7,15.2,0,2.8,61
2017-09-30 8:00,128.6,16.3,0,1.9,55
2017-09-30 9:00,340.1,21.1,0,1.6,50
2017-09-30 10:00,519,23.2,0,1.7,48
2017-09-30 11:00,655.2,24.9,0,2,52
2017-09-30 12:00,742.6,26.4,0,2.3,55
2017-09-30 13:00,773.7,27.4,0,2.8,51
2017-09-30 14:00,731.7,28.5,0,2.9,36
2017-09-30 15:00,630.7,28.7,0,3.2,40
2017-09-30 16:00,481.4,27.9,0,4.2,41
2017-09-30 17:00,300.9,28.1,0,1.8,55
2017-09-30 18:00,111.9,26.1,0,2.3,44
2017-09-30 19:00,3.1,22.2,0,1.6,50
2017-09-30 20:00,0.1,19.8,0,1.6,39
2017-09-30 21:00,0.1,18.9,0,1.7,15
2017-09-30 22:00,0.1,18.9,0,1.3,20
2017-09-30 23:00,0.1,18.4,0,1,22
2017-10-01 0:00,0.1,18.3,0,1.5,34
2017-10-01 1:00,0,19.1,0,2.1,34
2017-10-01 2:00,0.1,20.1,0,1.6,36
2017-10-01 3:00,0.1,20.1,0,1.9,32
2017-10-01 4:00,0.1,19.8,0,2.1,37
2017-10-01 5:00,0.1,19.6,0,2.2,41
2017-10-01 6:00,0.1,19.8,0,2.3,48
2017-10-01 7:00,2.5,20,0,2.2,50
2017-10-01 8:00,12.8,19,0,1,75
2017-10-01 9:00,30.4,18,0,0.8,75
2017-10-01 10:00,45.3,17.8,1,0.7,74
2017-10-01 11:00,87.1,18.7,1,0.8,73
2017-10-01 12:00,78.3,19.3,1,0.3,74
2017-10-01 13:00,113.8,20.6,1,0.2,54
2017-10-01 14:00,119,23.1,1,0.3,64
2017-10-01 15:00,47.9,23.8,1,1.4,94
2017-10-01 16:00,23,22.7,1,2.9,95
2017-10-01 17:00,19.3,21.1,1,2,90
2017-10-01 18:00,4.9,20.7,2,0.3,83
2017-10-01 19:00,0.2,20.9,2,0.8,81
2017-10-01 20:00,0,21.2,2,1.4,68
2017-10-01 21:00,0,23.7,2,4.7,78
2017-10-01 22:00,0,24.5,2,6.8,74
2017-10-01 23:00,0,24.1,2,6.9,78
2017-10-02 0:00,0,23.8,2,5.1,82
2017-10-02 1:00,0,23.9,0,6.6,85
2017-10-02 2:00,0,25.2,0,6.5,90
2017-10-02 3:00,0,24.7,0,5.4,97
2017-10-02 4:00,0,24.3,0,4.2,98
2017-10-02 5:00,0,24.2,1,3.3,98
2017-10-02 6:00,0,24.3,1,3.2,98
2017-10-02 7:00,0.2,24.4,1,3.5,99
2017-10-02 8:00,6.4,23.7,1,3,99
2017-10-02 9:00,16.8,23,1,2.4,98
2017-10-02 10:00,31.6,23,1,1.8,97
2017-10-02 11:00,33.8,22.7,1,1.9,96
2017-10-02 12:00,82.5,22.6,1,1.8,89
2017-10-02 13:00,256.1,23.3,1,2.2,91
2017-10-02 14:00,423.7,24.1,1,2.4,92
2017-10-02 15:00,135,22.9,1,3.3,92
2017-10-02 16:00,56.9,21.5,1,3.1,90
2017-10-02 17:00,19.9,20.9,2,2.5,90
2017-10-02 18:00,7.5,20.5,2,1.8,90
2017-10-02 19:00,0.6,20.5,2,1.7,88
2017-10-02 20:00,0.1,20.6,2,0.8,87
2017-10-02 21:00,0.1,20.6,2,1.1,88
2017-10-02 22:00,0.1,20.5,2,0.4,90
2017-10-02 23:00,0.1,20.5,2,0.5,95
2017-10-03 0:00,0.1,20.7,2,0.4,96
2017-10-03 1:00,0,20.8,0,0.7,91
2017-10-03 2:00,0.1,20.8,0,0.3,92
2017-10-03 3:00,0.1,21,0,0.5,90
2017-10-03 4:00,0.1,21.1,0,0.1,90
2017-10-03 5:00,0.1,21,0,1,88
2017-10-03 6:00,0.1,21,0,0.1,87
2017-10-03 7:00,1.1,20.6,0,1.3,83
2017-10-03 8:00,16.8,20.5,0,0.8,83
2017-10-03 9:00,83.6,20.8,0,0.5,78
2017-10-03 10:00,114,21,1,1.5,74
2017-10-03 11:00,220.9,21.6,1,1.1,71
2017-10-03 12:00,419.4,22.5,1,1.4,67
2017-10-03 13:00,339.8,22.2,1,2.1,68
2017-10-03 14:00,636,23.4,1,1.3,63
2017-10-03 15:00,579.3,23.7,1,1.5,61
2017-10-03 16:00,431.5,23.4,1,1.9,62
2017-10-03 17:00,255.6,22.8,1,1.6,72
2017-10-03 18:00,76.7,21.5,1,1.4,68
2017-10-03 19:00,1.3,20.4,1,1.4,66
2017-10-03 20:00,0.1,20,1,0.9,67
2017-10-03 21:00,0.1,19.8,1,0.9,69
2017-10-03 22:00,0.1,19.2,1,0.4,74
2017-10-03 23:00,0.1,18.8,1,0.7,71
2017-10-04 0:00,0.1,18.7,1,1.2,71
2017-10-04 1:00,0,18.5,0,0.7,72
2017-10-04 2:00,0.1,18.4,0,1.5,73
2017-10-04 3:00,0.1,18.3,0,1.1,71
2017-10-04 4:00,0.1,18.1,0,0.8,69
2017-10-04 5:00,0.1,18,0,0.9,67
2017-10-04 6:00,0.1,17.9,0,0.8,66
2017-10-04 7:00,8.2,17.8,0,0.8,68
2017-10-04 8:00,69.4,18,0,1,64
2017-10-04 9:00,207.1,19.7,0,0.9,69
2017-10-04 10:00,260.2,20.7,0,0.6,72
2017-10-04 11:00,254.3,20.6,0,1.5,76
2017-10-04 12:00,249.8,21,0,1.5,77
2017-10-04 13:00,264.8,21.3,0,1.3,80
2017-10-04 14:00,328,22.4,0,1.3,78
2017-10-04 15:00,92.8,21.6,0,2.1,74
2017-10-04 16:00,34.3,21.1,0,2,77
2017-10-04 17:00,23.5,20.8,0,1.4,71
2017-10-04 18:00,16.5,20.7,0,1.2,69
2017-10-04 19:00,0.7,20.4,0,1.3,73
2017-10-04 20:00,0.1,20.2,0,1.9,68
2017-10-04 21:00,0.1,20.3,1,2.4,69
2017-10-04 22:00,0.1,20.3,1,1.9,69
2017-10-04 23:00,0.1,20.4,1,2.1,68
2017-10-05 0:00,0.1,20.4,1,2.1,70
2017-10-05 1:00,0,20.3,0,2.1,68
2017-10-05 2:00,0.1,20.4,0,2,68
2017-10-05 3:00,0.1,20.3,0,2.3,68
2017-10-05 4:00,0.1,20.1,0,2.3,68
2017-10-05 5:00,0.1,19.9,0,2.4,66
2017-10-05 6:00,0.1,19.9,0,2.8,63
2017-10-05 7:00,3.1,19.9,0,2.5,64
2017-10-05 8:00,41.9,20.1,0,2.6,62
2017-10-05 9:00,85.3,20.5,0,3.1,61
2017-10-05 10:00,196.5,21.3,0,3.6,58
2017-10-05 11:00,187.7,21.6,0,3.9,58
2017-10-05 12:00,188.4,21.8,0,4.1,60
2017-10-05 13:00,148.3,21.5,0,3.4,59
2017-10-05 14:00,167,21.5,0,3.2,63
2017-10-05 15:00,160,21.2,0,2.9,70
2017-10-05 16:00,134.5,20.9,0,2.7,70
2017-10-05 17:00,49.8,20.6,0,2.1,66
2017-10-05 18:00,12.2,19.9,0,2.3,67
2017-10-05 19:00,0.7,19.7,0,2.4,76
2017-10-05 20:00,0.1,19,0,2.5,75
2017-10-05 21:00,0.1,18.4,0,2.7,73
2017-10-05 22:00,0.1,18.3,0,2.4,94
2017-10-05 23:00,0.1,17.6,0,1.7,91
2017-10-06 0:00,0,17,0,2.3,95
2017-10-06 1:00,0,17.1,0,3.1,95
2017-10-06 2:00,0.1,17.5,0,3.3,94
2017-10-06 3:00,0.1,18.3,0,4.1,95
2017-10-06 4:00,0.1,18.5,0,2.7,96
2017-10-06 5:00,0.1,18.7,0,3.2,96
2017-10-06 6:00,0.1,19.4,0,3.2,96
2017-10-06 7:00,0.6,19.7,0,2.6,96
2017-10-06 8:00,9.9,20,1,2.9,95
2017-10-06 9:00,37,20.8,1,2.7,94
2017-10-06 10:00,71.9,21.3,1,1.3,92
2017-10-06 11:00,226.5,22.3,1,1,94
2017-10-06 12:00,237.6,23,1,1.4,90
2017-10-06 13:00,234.3,23.1,1,1.6,93
2017-10-06 14:00,284.4,23.3,1,2.1,94
2017-10-06 15:00,89.5,22.3,1,1.7,93
2017-10-06 16:00,51.8,21.9,1,1.7,94
2017-10-06 17:00,24.9,21.5,1,1.3,96
2017-10-06 18:00,6.2,21.3,1,0.8,96
2017-10-06 19:00,0.3,21.1,1,1.2,95
2017-10-06 20:00,0.1,20.7,1,1.7,95
2017-10-06 21:00,0.1,20.2,1,1.3,95
2017-10-06 22:00,0.1,20.2,1,0.5,90
2017-10-06 23:00,0.1,20.1,1,1.1,92
2017-10-07 0:00,0.1,20,1,1,91
2017-10-07 1:00,0,19.8,0,1.4,90
2017-10-07 2:00,0.1,19.8,0,0.9,90
2017-10-07 3:00,0.1,19.8,0,0.8,90
2017-10-07 4:00,0.1,19.6,0,0.6,88
2017-10-07 5:00,0.1,19.7,0,0.5,88
2017-10-07 6:00,0.1,19.7,0,0.4,89
2017-10-07 7:00,2.7,19.7,0,0.2,87
2017-10-07 8:00,24.7,19.6,0,0.9,84
2017-10-07 9:00,122.3,19.8,0,1.1,81
2017-10-07 10:00,168.3,20.2,0,1.6,78
2017-10-07 11:00,121.7,20.1,1,1.8,70
2017-10-07 12:00,308.8,20.7,1,1.2,70
2017-10-07 13:00,672.3,22.7,1,1.1,71
2017-10-07 14:00,690.4,23.2,1,1.8,72
2017-10-07 15:00,589.2,23.4,1,1.7,71
2017-10-07 16:00,438.9,23.1,1,1.5,73
2017-10-07 17:00,256.3,23,1,1.4,76
2017-10-07 18:00,67.2,21.6,1,0.8,84
2017-10-07 19:00,2.3,20.3,1,0.3,83
2017-10-07 20:00,0.1,19,1,1,81
2017-10-07 21:00,0.1,18.8,1,1.2,78
2017-10-07 22:00,0.1,19.2,1,1.1,82
2017-10-07 23:00,0.1,19.5,1,1.7,82
2017-10-08 0:00,0.1,19,1,1.6,82
2017-10-08 1:00,0,18.7,0,1.9,81
2017-10-08 2:00,0.1,18.2,0,2,82
2017-10-08 3:00,0.1,18.1,0,2.5,83
2017-10-08 4:00,0.1,17.6,0,2.1,81
2017-10-08 5:00,0.1,18.4,0,2,87
2017-10-08 6:00,0.1,19.6,0,1.9,89
2017-10-08 7:00,6.1,19.3,0,1.5,89
2017-10-08 8:00,116.7,21.1,0,1.7,79
2017-10-08 9:00,331,23.7,0,2.1,80
2017-10-08 10:00,503.4,25.7,0,2.4,80
2017-10-08 11:00,635.8,26.1,0,2.9,76
2017-10-08 12:00,711.6,26.5,0,3.2,82
2017-10-08 13:00,724.6,27.3,0,2.7,82
2017-10-08 14:00,599.7,27.4,0,2.8,82
2017-10-08 15:00,613.1,27.8,0,2.7,85
2017-10-08 16:00,450.8,27.4,0,2.7,85
2017-10-08 17:00,240,26.2,0,2.5,82
2017-10-08 18:00,85.7,25.1,0,1.8,83
2017-10-08 19:00,2.3,23,0,1.2,81
2017-10-08 20:00,0.1,20.7,0,0.6,73
2017-10-08 21:00,0.1,20,0,1,74
2017-10-08 22:00,0.1,19.6,0,1.3,76
2017-10-08 23:00,0.1,19.9,0,1.4,64
2017-10-09 0:00,0.1,18.4,0,1.9,70
2017-10-09 1:00,0,18.6,0,2.2,72
2017-10-09 2:00,0.1,18.4,0,2.1,76
2017-10-09 3:00,0.1,18.2,0,2.7,74
2017-10-09 4:00,0.1,18.1,0,2.7,77
2017-10-09 5:00,0.1,18.2,0,3.1,77
2017-10-09 6:00,0.1,18.1,0,2.6,77
2017-10-09 7:00,10.4,18,0,2.5,74
2017-10-09 8:00,139.4,19.3,0,2.1,76
2017-10-09 9:00,326.8,23.4,0,0.6,81
2017-10-09 10:00,498.9,26.1,0,0.8,84
2017-10-09 11:00,551.3,27.1,0,1.4,82
2017-10-09 12:00,514.9,26.9,0,1.7,78
2017-10-09 13:00,514.7,26.9,0,1.5,79
2017-10-09 14:00,507.3,27.7,0,1.6,81
2017-10-09 15:00,459.9,27.2,0,2.1,82
2017-10-09 16:00,221.9,26.9,0,1.5,85
2017-10-09 17:00,187,26.8,0,1.1,84
2017-10-09 18:00,30.1,25.6,0,0.7,84
2017-10-09 19:00,1.7,24,0,0.6,85
2017-10-09 20:00,0.1,22.6,0,1,83
2017-10-09 21:00,0.1,22.4,0,1.5,80
2017-10-09 22:00,0.1,21.3,0,2.2,80
2017-10-09 23:00,0.1,20.6,0,2.4,82
2017-10-10 0:00,0.1,20.1,0,2.2,80
2017-10-10 1:00,0,19.8,0,2.4,76
2017-10-10 2:00,0.1,19.7,0,2.4,82
2017-10-10 3:00,0.1,19.6,0,2.6,78
2017-10-10 4:00,0.1,19.7,0,2.3,78
2017-10-10 5:00,0.1,20.5,0,2.3,78
2017-10-10 6:00,0.1,20.9,0,1.9,79
2017-10-10 7:00,8.1,20.8,0,2.3,77
2017-10-10 8:00,121,21.8,0,1.3,68
2017-10-10 9:00,307.7,25.6,0,0.6,79
2017-10-10 10:00,467.6,28.1,0,0.8,81
2017-10-10 11:00,530.4,27.9,0,1.2,76
2017-10-10 12:00,615,28.2,0,1.4,74
2017-10-10 13:00,537.1,28.5,0,1.2,78
2017-10-10 14:00,697.7,28.4,0,1.8,73
2017-10-10 15:00,461.4,27.9,0,1.6,68
2017-10-10 16:00,359.8,27.8,0,1,75
2017-10-10 17:00,151.7,26.7,0,1.5,70
2017-10-10 18:00,49.9,25.3,0,1,90
2017-10-10 19:00,1.9,24,0,0.2,91
2017-10-10 20:00,0.1,22.3,0,1.6,76
2017-10-10 21:00,0.1,21.1,0,2.2,60
2017-10-10 22:00,0.1,20.7,0,2.9,60
2017-10-10 23:00,0.1,20.6,0,2.9,63
2017-10-11 0:00,0.1,20.1,0,2,62
2017-10-11 1:00,0,20.1,0,2.9,63
2017-10-11 2:00,0.1,19.9,0,2.9,67
2017-10-11 3:00,0.1,19.7,0,2.9,68
2017-10-11 4:00,0.1,19.6,0,2.6,67
2017-10-11 5:00,0.1,19.4,0,1.8,69
2017-10-11 6:00,0.1,19.1,0,1.7,68
2017-10-11 7:00,8.6,19.2,0,2,64
2017-10-11 8:00,115.6,20.8,0,1.6,68
2017-10-11 9:00,84.9,23.1,0,0.5,69
2017-10-11 10:00,182.5,24.3,0,0.2,69
2017-10-11 11:00,271.6,25.6,0,1.3,87
2017-10-11 12:00,347.9,26.2,0,2.4,90
2017-10-11 13:00,132.9,22.9,0,2.1,89
2017-10-11 14:00,62.6,21.5,0,0.9,87
2017-10-11 15:00,44.7,21.1,0,1.5,96
2017-10-11 16:00,24.5,20.1,0,1.6,90
2017-10-11 17:00,17.3,19.5,0,1.5,88
2017-10-11 18:00,5.8,18.7,0,0.7,85
2017-10-11 19:00,0.1,18.5,0,1.1,82
2017-10-11 20:00,0.1,17.8,0,1.1,81
2017-10-11 21:00,0.1,17.4,1,0.9,80
2017-10-11 22:00,0.1,17.4,1,0.4,80
2017-10-11 23:00,0.1,17.3,1,0.7,78
2017-10-12 0:00,0.1,17,1,0.3,77
2017-10-12 1:00,0,16.9,0,0.5,76
2017-10-12 2:00,0.1,16.8,0,0,77
2017-10-12 3:00,0.1,16.8,0,0.2,76
2017-10-12 4:00,0.1,16.7,0,0.4,72
2017-10-12 5:00,0.1,16.7,0,0.3,75
2017-10-12 6:00,0.1,16.8,0,0.7,76
2017-10-12 7:00,1.2,16.6,0,1.2,73
2017-10-12 8:00,11.6,16.7,0,1.5,70
2017-10-12 9:00,71.5,17,0,1.4,74
2017-10-12 10:00,82.6,17.8,0,1.3,76
2017-10-12 11:00,47,17.8,0,0.3,82
2017-10-12 12:00,63.3,17.8,0,0.5,86
2017-10-12 13:00,92.7,17.3,0,0.9,84
2017-10-12 14:00,106.4,16.5,0,0.3,81
2017-10-12 15:00,81.9,16.6,1,0.4,74
2017-10-12 16:00,64.4,16.6,1,1.4,76
2017-10-12 17:00,50.7,16.6,1,1,75
2017-10-12 18:00,13.3,16.7,1,0.7,78
2017-10-12 19:00,0.1,16.3,1,0.4,79
2017-10-12 20:00,0.1,16.2,1,0.4,80
2017-10-12 21:00,0.1,16,1,0.2,84
2017-10-12 22:00,0.1,15.8,1,0.4,86
2017-10-12 23:00,0.1,15.7,1,1.1,81
2017-10-13 0:00,0.1,15.4,1,1.1,67
2017-10-13 1:00,0,14.9,0,1.4,68
2017-10-13 2:00,0.1,14.7,0,0.5,72
2017-10-13 3:00,0.1,14.6,0,0.9,69
2017-10-13 4:00,0.1,14.8,0,0.1,67
2017-10-13 5:00,0.1,15.2,0,1.1,73
2017-10-13 6:00,0.1,14.4,0,0.2,62
2017-10-13 7:00,3.4,13,0,0.8,59
2017-10-13 8:00,49,12.6,0,1.3,39
2017-10-13 9:00,232.8,14.6,0,1.1,36
2017-10-13 10:00,502.9,17.5,0,0.2,37
2017-10-13 11:00,645.6,18.9,0,0.9,39
2017-10-13 12:00,726.2,19.9,0,1.1,35
2017-10-13 13:00,721.1,19.4,0,2.1,44
2017-10-13 14:00,497,18.9,0,2,47
2017-10-13 15:00,337.4,18.2,0,1.4,44
2017-10-13 16:00,216.6,18.6,0,0.5,45
2017-10-13 17:00,133.8,18.4,0,0.6,46
2017-10-13 18:00,37.5,17,0,1.3,48
2017-10-13 19:00,0.6,15.1,0,2.3,50
2017-10-13 20:00,0.1,14.5,0,2.5,53
2017-10-13 21:00,0.1,14.6,0,2,52
2017-10-13 22:00,0.1,14.9,0,1.2,52
2017-10-13 23:00,0.1,15.5,0,1.2,59
2017-10-14 0:00,0.1,15.7,0,1.3,60
2017-10-14 1:00,0,15.4,0,0.9,63
2017-10-14 2:00,0.1,15.5,0,1.3,62
2017-10-14 3:00,0.1,15.7,0,0.9,61
2017-10-14 4:00,0.1,15.9,0,1.2,53
2017-10-14 5:00,0.1,16,0,1.3,48
2017-10-14 6:00,0.1,16,0,1.1,58
2017-10-14 7:00,1.6,15.7,0,1.3,58
2017-10-14 8:00,11,15.6,0,1.4,60
2017-10-14 9:00,46.7,15.9,0,1.6,58
2017-10-14 10:00,120.9,17.1,0,2.1,57
2017-10-14 11:00,107.2,17.3,0,2.1,58
2017-10-14 12:00,200.2,18.1,0,2.2,59
2017-10-14 13:00,241.3,18.9,0,2.9,67
2017-10-14 14:00,120.9,18.4,0,2.7,79
2017-10-14 15:00,135.6,17.6,1,1.9,77
2017-10-14 16:00,143.5,18.2,1,2.4,77
2017-10-14 17:00,69.4,18.3,1,3.1,79
2017-10-14 18:00,14.7,18.2,1,2.2,75
2017-10-14 19:00,0.2,18.4,1,2.1,74
2017-10-14 20:00,0.1,19,1,3.2,79
2017-10-14 21:00,0.1,18.9,1,3.5,78
2017-10-14 22:00,0.1,18.2,1,2.7,70
2017-10-14 23:00,0.1,18.2,1,2.3,73
2017-10-15 0:00,0.1,18,1,2.5,70
2017-10-15 1:00,0,18.1,0,2.1,71
2017-10-15 2:00,0.1,17.9,0,1.9,71
2017-10-15 3:00,0.1,17.8,0,2.9,72
2017-10-15 4:00,0.1,17.7,0,2.8,86
2017-10-15 5:00,0.1,17.1,0,3,88
2017-10-15 6:00,0.1,16.3,1,2.9,90
2017-10-15 7:00,1.3,15.7,1,2.4,90
2017-10-15 8:00,11.1,15.4,1,2.2,68
2017-10-15 9:00,54.4,16.3,1,2.7,57
2017-10-15 10:00,142.4,16.6,1,2.4,69
2017-10-15 11:00,277.3,18,1,2.3,74
2017-10-15 12:00,147.1,18.4,1,4.4,74
2017-10-15 13:00,113.5,17.8,1,4,77
2017-10-15 14:00,89.4,17.6,1,3.8,90
2017-10-15 15:00,43.2,17.4,1,2.9,90
2017-10-15 16:00,27.6,16.6,1,3.1,88
2017-10-15 17:00,16.4,16.4,1,3.4,91
2017-10-15 18:00,4.8,16.4,1,3.4,90
2017-10-15 19:00,0.1,16.4,1,3.4,86
2017-10-15 20:00,0.1,16.9,1,3.3,92
2017-10-15 21:00,0.1,17.3,1,4.2,94
2017-10-15 22:00,0.1,17.7,1,4.2,91
2017-10-15 23:00,0.1,17.7,1,4.3,91
2017-10-16 0:00,0.1,17.8,1,4.4,90
2017-10-16 1:00,0,17.8,0,4.2,89
2017-10-16 2:00,0.1,17.5,0,3.7,79
2017-10-16 3:00,0.1,17.2,0,3.7,82
2017-10-16 4:00,0.1,16.9,0,3.1,87
2017-10-16 5:00,0.1,16.6,0,3.1,90
2017-10-16 6:00,0.1,16.4,0,3.4,92
2017-10-16 7:00,0.3,16.3,0,3.2,93
2017-10-16 8:00,5.7,16.7,1,3.2,85
2017-10-16 9:00,28.1,17.2,1,3.6,77
2017-10-16 10:00,37,17.3,1,3.1,77
2017-10-16 11:00,55.4,17.3,1,2.7,76
2017-10-16 12:00,63.4,17.9,1,2.8,76
2017-10-16 13:00,148,18.6,1,2.9,77
2017-10-16 14:00,90.5,19.1,1,3.6,70
2017-10-16 15:00,63.2,18.9,1,2.9,83
2017-10-16 16:00,50.5,17.3,1,2.5,89
2017-10-16 17:00,26.9,16.5,1,2.7,92
2017-10-16 18:00,5.1,16.5,1,2.9,92
2017-10-16 19:00,0.1,16.7,1,2,93
2017-10-16 20:00,0.1,16.8,1,2,93
2017-10-16 21:00,0.1,16.8,1,2.2,93
2017-10-16 22:00,0.1,16.6,1,2.3,90
2017-10-16 23:00,0.1,16.3,1,2.4,86
2017-10-17 0:00,0.1,16.5,1,2.1,84
2017-10-17 1:00,0,16.7,0,1.5,74
2017-10-17 2:00,0.1,16.7,0,1.7,73
2017-10-17 3:00,0.1,16.8,0,1.5,73
2017-10-17 4:00,0.1,16.8,0,1.4,70
2017-10-17 5:00,0.1,16.8,0,1.4,74
2017-10-17 6:00,0.1,16.9,0,1.8,74
2017-10-17 7:00,1.8,17.2,0,1.8,73
2017-10-17 8:00,15.3,17.5,0,1.9,73
2017-10-17 9:00,72,18,0,2.5,73
2017-10-17 10:00,113.9,18.7,0,2.7,72
2017-10-17 11:00,151.6,19.2,1,3.4,71
2017-10-17 12:00,276.3,20,1,3.6,73
2017-10-17 13:00,377.2,20.7,1,3.4,73
2017-10-17 14:00,239.9,20.3,1,3.3,72
2017-10-17 15:00,150.1,20,1,3.5,73
2017-10-17 16:00,112.5,19.7,1,3.7,73
2017-10-17 17:00,44.2,19.3,1,3.1,73
2017-10-17 18:00,14.5,19,1,3.1,76
2017-10-17 19:00,0.2,18.6,1,2.4,75
2017-10-17 20:00,0,18.6,1,2.5,70
2017-10-17 21:00,0,18.7,1,2.1,69
2017-10-17 22:00,0.1,18.9,1,2.6,68
2017-10-17 23:00,0.1,18.9,1,2.3,65
2017-10-18 0:00,0,18.8,1,2.3,65
2017-10-18 1:00,0,19,0,2.8,65
2017-10-18 2:00,0.1,19,0,2.8,64
2017-10-18 3:00,0.1,18.8,0,3.2,67
2017-10-18 4:00,0.1,18.7,0,3.5,72
2017-10-18 5:00,0.1,18.6,0,2.4,72
2017-10-18 6:00,0.1,18.5,0,2.9,73
2017-10-18 7:00,0.3,18.2,0,3,73
2017-10-18 8:00,5.1,17.8,0,2.4,72
2017-10-18 9:00,23.2,17.5,0,2.8,73
2017-10-18 10:00,39.3,17.5,0,2.9,71
2017-10-18 11:00,81.5,17.9,0,3.1,72
2017-10-18 12:00,124.1,18.5,0,3.5,73
2017-10-18 13:00,119.1,18.9,0,3.1,72
2017-10-18 14:00,131.4,19.6,1,3.5,75
2017-10-18 15:00,83.9,19.8,1,3.4,74
2017-10-18 16:00,30.2,18.9,1,3.5,74
2017-10-18 17:00,22.3,19,1,4,73
2017-10-18 18:00,4.9,18.8,1,3.2,73
2017-10-18 19:00,0.2,18.7,1,4,71
2017-10-18 20:00,0.1,18.5,1,3.5,71
2017-10-18 21:00,0.1,18.5,1,3.4,70
2017-10-18 22:00,0.1,18.3,1,3.3,70
2017-10-18 23:00,0.1,18.1,1,3.2,70
2017-10-19 0:00,0.1,18,1,3,69
2017-10-19 1:00,0,17.9,0,2.5,70
2017-10-19 2:00,0.1,17.7,0,2.1,73
2017-10-19 3:00,0.1,17.6,0,2,75
2017-10-19 4:00,0.1,17.3,0,1.7,76
2017-10-19 5:00,0.1,17.3,0,1.5,76
2017-10-19 6:00,0.1,17.3,0,1.5,73
2017-10-19 7:00,1.3,17.3,0,1.2,72
2017-10-19 8:00,21.1,17.5,0,1.2,70
2017-10-19 9:00,74.3,18.1,0,1.4,68
2017-10-19 10:00,97.1,18.4,0,1.8,67
2017-10-19 11:00,163.8,18.8,0,2.1,65
2017-10-19 12:00,162.7,18.9,0,1.9,64
2017-10-19 13:00,165.2,19,0,1.8,65
2017-10-19 14:00,161.9,19.3,0,2,65
2017-10-19 15:00,150.2,19.2,0,2.1,64
2017-10-19 16:00,148.6,19.4,0,1.5,66
2017-10-19 17:00,82.4,19.3,0,1.5,65
2017-10-19 18:00,16.7,18.7,0,1.3,66
2017-10-19 19:00,0.4,18,0,0.9,70
2017-10-19 20:00,0.1,16.9,0,1.3,73
2017-10-19 21:00,0.3,15.8,0,2,76
2017-10-19 22:00,0.1,15.2,0,2.8,77
2017-10-19 23:00,0.3,14.8,0,2.6,77
2017-10-20 0:00,0.1,14.6,0,2.8,77
2017-10-20 1:00,0,14.6,0,2.8,79
2017-10-20 2:00,0,14.5,0,2.9,78
2017-10-20 3:00,0.1,15.2,0,2.3,79
2017-10-20 4:00,0.2,15,0,2.2,82
2017-10-20 5:00,0.1,14.6,0,2.2,83
2017-10-20 6:00,0.3,14.5,0,2.2,82
2017-10-20 7:00,3.9,14.6,0,1.9,81
2017-10-20 8:00,45.4,15.3,0,1.3,74
2017-10-20 9:00,151.9,17.5,0,1.6,69
2017-10-20 10:00,232,19.3,0,1.8,69
2017-10-20 11:00,328,19.7,0,2.4,66
2017-10-20 12:00,488.7,20.3,0,2.5,64
2017-10-20 13:00,498.6,20.8,0,2.2,63
2017-10-20 14:00,526.6,21.1,0,2.7,61
2017-10-20 15:00,530.4,21.6,0,2.8,64
2017-10-20 16:00,317.7,21,0,2.7,65
2017-10-20 17:00,173.4,20.5,0,2.7,69
2017-10-20 18:00,45,19.6,0,2.5,70
2017-10-20 19:00,0.6,18.9,0,1.5,73
2017-10-20 20:00,0.1,18.4,0,1.7,75
2017-10-20 21:00,0.3,18.2,0,1.7,70
2017-10-20 22:00,0.2,18.1,0,1.6,77
2017-10-20 23:00,0.2,18,0,0.8,79
2017-10-21 0:00,0.3,18,0,1.8,75
2017-10-21 1:00,0,18.1,0,1.6,70
2017-10-21 2:00,0,17.8,0,1.8,70
2017-10-21 3:00,0.3,17.5,0,1.5,66
2017-10-21 4:00,0.4,16.8,0,1.4,71
2017-10-21 5:00,0.3,16.5,0,1.7,70
2017-10-21 6:00,0.3,16.7,0,1.5,67
2017-10-21 7:00,2.3,16.5,0,1.6,66
2017-10-21 8:00,48.1,16.4,0,1.6,59
2017-10-21 9:00,170.7,18,0,2,61
2017-10-21 10:00,325.5,19.2,0,3,62
2017-10-21 11:00,461.6,19.9,0,3.5,62
2017-10-21 12:00,515.8,20.2,0,3.4,58
2017-10-21 13:00,457.2,20.7,0,3.4,56
2017-10-21 14:00,390.5,20.5,0,3.4,56
2017-10-21 15:00,374.6,20.9,0,3.8,53
2017-10-21 16:00,358.6,21,0,3.6,54
2017-10-21 17:00,198.6,20.7,0,2.9,65
2017-10-21 18:00,54,19.5,0,1.7,61
2017-10-21 19:00,0.5,16.8,0,1.4,70
2017-10-21 20:00,0.2,15.8,0,2.2,70
2017-10-21 21:00,0.3,15.7,0,1.7,73
2017-10-21 22:00,0.1,16.3,0,1.4,58
2017-10-21 23:00,0,17.1,0,1.5,54
2017-10-22 0:00,0,16.4,0,1.5,57
2017-10-22 1:00,0,17.4,0,2.6,57
2017-10-22 2:00,0.2,17.6,0,2,56
2017-10-22 3:00,0.1,17.8,0,2.3,61
2017-10-22 4:00,0.2,17.9,0,2,66
2017-10-22 5:00,0.1,18,0,2.2,59
2017-10-22 6:00,0.1,18,0,2.1,57
2017-10-22 7:00,0.4,17.9,0,1.8,54
2017-10-22 8:00,17.9,18,0,1.8,52
2017-10-22 9:00,69.5,18.1,0,1.7,55
2017-10-22 10:00,230.4,18.8,0,2.2,57
2017-10-22 11:00,411.6,19.6,0,2.8,56
2017-10-22 12:00,525.8,20.1,0,2.5,57
2017-10-22 13:00,521.1,19.9,0,2.8,57
2017-10-22 14:00,618.9,20.6,0,1.8,59
2017-10-22 15:00,500.4,20.8,0,2.2,59
2017-10-22 16:00,367.7,20.7,0,1.9,62
2017-10-22 17:00,161.9,20.4,0,1.5,66
2017-10-22 18:00,47.4,19.3,0,1.2,68
2017-10-22 19:00,0.2,18,0,0.7,70
2017-10-22 20:00,0.3,17.5,0,0.6,69
2017-10-22 21:00,0,17,0,1,70
2017-10-22 22:00,0,17.4,0,0.7,50
2017-10-22 23:00,0.1,17.3,0,1,49
2017-10-23 0:00,0.3,16.7,0,1.3,48
2017-10-23 1:00,0,16.8,0,1.3,51
2017-10-23 2:00,0,15.7,0,1.4,54
2017-10-23 3:00,0.4,14.7,0,1.9,55
2017-10-23 4:00,0.2,14.5,0,1.7,53
2017-10-23 5:00,0.1,15.1,0,1.6,63
2017-10-23 6:00,0.2,14.1,0,2.2,65
2017-10-23 7:00,2.8,13.2,0,2.6,58
2017-10-23 8:00,86.7,14,0,1.3,49
2017-10-23 9:00,251.2,17.2,0,1.4,48
2017-10-23 10:00,347.5,18.9,0,2.2,50
2017-10-23 11:00,317,18.7,0,2,49
2017-10-23 12:00,559.8,19.2,0,2,49
2017-10-23 13:00,672.2,20.5,0,1.7,49
2017-10-23 14:00,555.6,19.9,0,2.2,51
2017-10-23 15:00,465.3,19.8,0,2,52
2017-10-23 16:00,222.7,18.8,0,1.6,53
2017-10-23 17:00,117.4,18.1,0,1.4,53
2017-10-23 18:00,20.7,17.3,0,1,58
2017-10-23 19:00,0.2,16,0,1.4,61
2017-10-23 20:00,0.1,14.6,0,2.1,61
2017-10-23 21:00,0.5,14.2,0,2.1,61
2017-10-23 22:00,0.2,13.7,0,2.3,61
2017-10-23 23:00,0.5,12.6,0,1.7,60
2017-10-24 0:00,0.3,12.6,0,2.4,65
2017-10-24 1:00,0,12.3,0,3.1,59
2017-10-24 2:00,0.2,12.2,0,3.2,63
2017-10-24 3:00,0.2,12.1,0,3.1,64
2017-10-24 4:00,0.2,12,0,3.5,65
2017-10-24 5:00,0.3,12.3,0,3.3,66
2017-10-24 6:00,0.5,12.4,0,3.5,68
2017-10-24 7:00,3.8,12.2,0,3.3,64
2017-10-24 8:00,75.2,13.3,0,2.6,54
2017-10-24 9:00,267.7,16.7,0,1.4,60
2017-10-24 10:00,339.5,20,0,0.6,57
2017-10-24 11:00,398,19.7,0,1.3,53
2017-10-24 12:00,380.9,19.4,0,2,57
2017-10-24 13:00,531.4,20.1,0,1.6,62
2017-10-24 14:00,233.5,19.5,0,1.8,60
2017-10-24 15:00,214.1,18.8,0,1.6,62
2017-10-24 16:00,132.6,18.7,0,1.2,64
2017-10-24 17:00,126.1,18.5,0,1.6,63
2017-10-24 18:00,27.8,17.6,0,1,65
2017-10-24 19:00,0.3,15.9,0,0.4,67
2017-10-24 20:00,0.1,14.9,0,1.1,68
2017-10-24 21:00,0.2,14.3,0,1.8,70
2017-10-24 22:00,0.4,13.6,0,2.7,69
2017-10-24 23:00,0.1,13.1,0,2.7,69
2017-10-25 0:00,0,13,0,2.5,71
2017-10-25 1:00,0,12.5,0,2.7,73
2017-10-25 2:00,0.4,12.1,0,3.1,69
2017-10-25 3:00,0.4,11.7,0,3.1,71
2017-10-25 4:00,0,11.5,0,3.2,71
2017-10-25 5:00,0.1,11.3,0,3,73
2017-10-25 6:00,0.1,11.4,0,2.9,75
2017-10-25 7:00,2.6,11.5,0,3,71
2017-10-25 8:00,58.9,11.8,0,3.1,50
2017-10-25 9:00,256.4,14.7,0,1.5,50
2017-10-25 10:00,435.6,18,0,1,51
2017-10-25 11:00,570.4,18.5,0,1.2,50
2017-10-25 12:00,643.3,18.7,0,1.7,49
2017-10-25 13:00,665.4,19,0,1.9,56
2017-10-25 14:00,622.9,19,0,1.9,58
2017-10-25 15:00,519.2,18.7,0,2,57
2017-10-25 16:00,365,18.4,0,1.9,60
2017-10-25 17:00,189.2,17.8,0,1.1,62
2017-10-25 18:00,40.3,16.5,0,0.6,66
2017-10-25 19:00,0.5,13.6,0,2.2,69
2017-10-25 20:00,0.6,12,0,3.4,68
2017-10-25 21:00,0.2,11.7,0,3.6,69
2017-10-25 22:00,0.1,11.7,0,3.5,69
2017-10-25 23:00,0,11.4,0,3.4,63
2017-10-26 0:00,0.3,10.7,0,3.2,64
2017-10-26 1:00,0,10.5,0,3.3,66
2017-10-26 2:00,0.1,10.5,0,3.4,68
2017-10-26 3:00,0.3,10.4,0,3.3,72
2017-10-26 4:00,0.5,10.4,0,3.5,76
2017-10-26 5:00,0.1,10.6,0,3.4,76
2017-10-26 6:00,0,10.8,0,3.1,72
2017-10-26 7:00,4,11,0,2.6,65
2017-10-26 8:00,93.2,13.2,0,1.4,58
2017-10-26 9:00,200,16.5,0,2,57
2017-10-26 10:00,420.2,19.3,0,2.6,58
2017-10-26 11:00,564.9,20.2,0,2.3,64
2017-10-26 12:00,629.2,21,0,2,64
2017-10-26 13:00,633.6,21.4,0,2.3,63
2017-10-26 14:00,552.2,20.9,0,2.8,65
2017-10-26 15:00,443.4,20.7,0,2.6,64
2017-10-26 16:00,291.9,20.2,0,2.6,65
2017-10-26 17:00,151.6,19.7,0,1.9,67
2017-10-26 18:00,37.1,18.3,0,1.2,69
2017-10-26 19:00,0.2,16.4,0,0.9,69
2017-10-26 20:00,0.4,14.9,0,1.8,72
2017-10-26 21:00,0.4,15,0,2.2,75
2017-10-26 22:00,0.5,14.3,0,2,76
2017-10-26 23:00,0.3,13.2,0,2.8,78
2017-10-27 0:00,0.4,12.9,0,2.1,78
2017-10-27 1:00,0,12.6,0,2.1,79
2017-10-27 2:00,0.4,13.4,0,1.7,79
2017-10-27 3:00,0.2,13.3,0,2.5,76
2017-10-27 4:00,0.1,14.2,0,2,79
2017-10-27 5:00,0.4,14.3,0,2.2,82
2017-10-27 6:00,0.2,13.5,0,2.6,80
2017-10-27 7:00,1.4,13.6,0,2.9,78
2017-10-27 8:00,88,14.3,0,2.6,74
2017-10-27 9:00,153.9,17.6,0,1.3,66
2017-10-27 10:00,193.5,18.1,0,1.4,66
2017-10-27 11:00,361.1,19.3,0,1.6,69
2017-10-27 12:00,616.4,20.7,0,2.1,66
2017-10-27 13:00,635.3,21.1,0,2.7,65
2017-10-27 14:00,504.3,20.8,0,3.1,65
2017-10-27 15:00,410.1,20.7,0,2.9,68
2017-10-27 16:00,343.3,20.6,0,2.4,69
2017-10-27 17:00,181.6,19.9,0,2.2,72
2017-10-27 18:00,24.8,18.6,0,1.7,74
2017-10-27 19:00,0.4,17.5,0,1.5,74
2017-10-27 20:00,0,17,0,1.5,76
2017-10-27 21:00,0,17.2,0,1.5,76
2017-10-27 22:00,0,17.4,0,1.4,75
2017-10-27 23:00,0.2,17.5,0,1.4,77
2017-10-28 0:00,0.4,17.7,0,1.5,76
2017-10-28 1:00,0,17.9,0,1.4,78
2017-10-28 2:00,0.5,17.4,0,2.1,79
2017-10-28 3:00,0.2,17.8,0,1.7,82
2017-10-28 4:00,0.2,17.7,0,2,82
2017-10-28 5:00,0.2,17.9,0,2.1,81
2017-10-28 6:00,0.1,18,0,2.3,80
2017-10-28 7:00,0.3,17.9,0,2.4,81
2017-10-28 8:00,21.9,18.1,0,2.5,82
2017-10-28 9:00,60.5,18.6,0,2.3,80
2017-10-28 10:00,87.7,19.2,0,2.9,77
2017-10-28 11:00,69.4,19.1,0,3.2,78
2017-10-28 12:00,62.3,19.2,0,3.1,78
2017-10-28 13:00,46.1,19.2,0,2.7,79
2017-10-28 14:00,40.2,19.1,0,2.9,79
2017-10-28 15:00,27.2,18.9,0,2.3,77
2017-10-28 16:00,24.8,18.9,0,2.7,76
2017-10-28 17:00,11.5,18.9,0,2.7,76
2017-10-28 18:00,1.9,18.9,0,2.7,74
2017-10-28 19:00,0.3,19.1,0,2.4,74
2017-10-28 20:00,0.2,19.4,0,2.9,75
2017-10-28 21:00,0.2,19.5,0,2.6,72
2017-10-28 22:00,0.1,19.5,0,2.6,72
2017-10-28 23:00,0.5,19.5,0,2.6,71
2017-10-29 0:00,0.5,19.5,0,2.5,81
2017-10-29 1:00,0,19.5,0,2.5,78
2017-10-29 2:00,0.3,19.2,0,1.6,82
2017-10-29 3:00,0.1,19,0,1.7,82
2017-10-29 4:00,0.4,18.5,0,1,77
2017-10-29 5:00,0.4,17.9,0,0.6,75
2017-10-29 6:00,0.2,17.6,0,1.7,76
2017-10-29 7:00,1.2,17.3,0,2.3,71
2017-10-29 8:00,36.4,17.3,0,1.3,65
2017-10-29 9:00,219.4,18.5,0,2,61
2017-10-29 10:00,415.2,19.6,0,3.7,68
2017-10-29 11:00,498.5,19.9,0,3.8,72
2017-10-29 12:00,188.1,18.8,0,4.3,69
2017-10-29 13:00,103.9,17.6,0,4.2,66
2017-10-29 14:00,190.2,17,0,4.6,62
2017-10-29 15:00,118.9,16.4,0,4.6,58
2017-10-29 16:00,119.1,15.4,0,5.1,57
2017-10-29 17:00,90.4,14.2,0,5.7,62
2017-10-29 18:00,15.2,12.9,0,5.4,59
2017-10-29 19:00,0.4,12.5,0,4.8,61
2017-10-29 20:00,0.4,12.5,0,4.7,59
2017-10-29 21:00,0.1,12.4,0,4.4,58
2017-10-29 22:00,0,12.3,0,4.5,54
2017-10-29 23:00,0.1,12.4,0,5,58
2017-10-30 0:00,0.4,12.3,0,4.2,57
2017-10-30 1:00,0,12.2,0,3.9,61
2017-10-30 2:00,0.7,12.2,0,3.7,57
2017-10-30 3:00,0.6,12.1,0,3.6,57
2017-10-30 4:00,0.5,11.9,0,3.7,58
2017-10-30 5:00,0.4,11.6,0,3,61
2017-10-30 6:00,0.1,11.6,0,2.6,63
2017-10-30 7:00,1.3,11.6,0,2.3,60
2017-10-30 8:00,67.9,11.4,0,2.2,59
2017-10-30 9:00,138.8,12.1,0,2.3,54
2017-10-30 10:00,307.6,12.7,0,2.6,51
2017-10-30 11:00,255.3,13,0,2.2,54
2017-10-30 12:00,490.5,13.5,0,2.4,53
2017-10-30 13:00,494,14.1,0,2.2,49
2017-10-30 14:00,517.3,14.3,0,2.1,49
2017-10-30 15:00,513.4,15.3,0,2.1,47
2017-10-30 16:00,361.2,14.7,0,2.1,51
2017-10-30 17:00,199.8,14.1,0,1.7,56
2017-10-30 18:00,37.7,12.5,0,1.2,54
2017-10-30 19:00,0.5,10.6,0,0.9,52
2017-10-30 20:00,0.4,9.3,0,1.1,55
2017-10-30 21:00,0.5,8.4,0,1.8,61
2017-10-30 22:00,0.3,7.9,0,2.3,63
2017-10-30 23:00,0.4,7.4,0,3,64
2017-10-31 0:00,0.6,7.2,0,3,67
2017-10-31 1:00,0,7.2,0,3.3,67
2017-10-31 2:00,0.1,7.3,0,2.8,68
2017-10-31 3:00,0,7.2,0,2.8,69
2017-10-31 4:00,0,7.2,0,3.1,69
2017-10-31 5:00,0.2,7.2,0,2.9,70
2017-10-31 6:00,0.1,7.2,0,3,70
2017-10-31 7:00,1.9,7,0,2.9,63
2017-10-31 8:00,99.5,7.5,0,2.9,57
2017-10-31 9:00,278.7,11.6,0,1.4,56
2017-10-31 10:00,445.7,15.4,0,0.8,54
2017-10-31 11:00,572.1,15.6,0,1.3,52
2017-10-31 12:00,641.8,16.5,0,1.8,55
2017-10-31 13:00,644.9,16.5,0,1.9,52
2017-10-31 14:00,601,16.2,0,2,51
2017-10-31 15:00,501.2,16.4,0,1.8,52
2017-10-31 16:00,355.2,16.7,0,1.4,53
2017-10-31 17:00,184.9,15.8,0,1.2,54
2017-10-31 18:00,35.2,13.9,0,0.4,62
2017-10-31 19:00,0.1,11.2,0,2.3,66
2017-10-31 20:00,0.1,10,0,2.4,67
2017-10-31 21:00,0.4,9.7,0,2.5,67
2017-10-31 22:00,0.5,9.4,0,2.6,68
2017-10-31 23:00,0.4,9.2,0,3,68
2017-11-01 0:00,0.8,9,0,3.3,68
2017-11-01 1:00,0,8.9,0,3.1,68
2017-11-01 2:00,0.7,8.9,0,3.3,69
2017-11-01 3:00,0.5,8.9,0,3.2,71
2017-11-01 4:00,0.2,8.8,0,2.5,71
2017-11-01 5:00,0,8.7,0,2.4,73
2017-11-01 6:00,0.1,8.8,0,2.9,72
2017-11-01 7:00,1.5,8.9,0,2.8,74
2017-11-01 8:00,53.3,10,0,2.1,70
2017-11-01 9:00,154.4,13.6,0,0.8,66
2017-11-01 10:00,342.2,16.1,0,0.5,59
2017-11-01 11:00,507.1,17.2,0,1.1,57
2017-11-01 12:00,547.5,16.9,0,1.7,57
2017-11-01 13:00,625.2,17.5,0,1.8,59
2017-11-01 14:00,554.1,17.6,0,1.7,61
2017-11-01 15:00,355.9,17.2,0,1.4,63
2017-11-01 16:00,278.1,16.4,0,1.6,64
2017-11-01 17:00,157.4,16,0,1.1,67
2017-11-01 18:00,25,14.7,0,0.3,70
2017-11-01 19:00,0.2,12.4,0,1.6,72
2017-11-01 20:00,0.1,11.3,0,2.6,73
2017-11-01 21:00,0.1,10.7,0,2.8,74
2017-11-01 22:00,0.3,10.4,0,3.1,75
2017-11-01 23:00,0.1,10.1,0,3.1,74
2017-11-02 0:00,0.4,9.9,0,3.1,73
2017-11-02 1:00,0,9.7,0,2.7,71
2017-11-02 2:00,0.2,9.5,0,2.6,72
2017-11-02 3:00,0.2,9.5,0,2.2,76
2017-11-02 4:00,0.1,9.9,0,2.2,76
2017-11-02 5:00,0.2,10.1,0,2.3,72
2017-11-02 6:00,0.2,11.1,0,1.9,73
2017-11-02 7:00,1.4,11.5,0,1.6,70
2017-11-02 8:00,87.3,11.3,0,2.4,61
2017-11-02 9:00,282.5,14.2,0,1.6,62
2017-11-02 10:00,325,17.3,0,0.9,60
2017-11-02 11:00,528.9,18.6,0,0.6,59
2017-11-02 12:00,610.2,18.5,0,1.2,60
2017-11-02 13:00,637.3,19.1,0,1.6,59
2017-11-02 14:00,586.2,19.1,0,1.7,58
2017-11-02 15:00,329.9,18.5,0,1.9,62
2017-11-02 16:00,155.8,17.5,0,1.6,62
2017-11-02 17:00,130.2,17.4,0,1.4,67
2017-11-02 18:00,26.4,15.9,0,0.4,69
2017-11-02 19:00,0.2,13.4,0,1.5,73
2017-11-02 20:00,0.2,12.3,0,2.2,73
2017-11-02 21:00,0.2,11.9,0,1.9,73
2017-11-02 22:00,0.2,12.3,0,1.3,72
2017-11-02 23:00,0.2,12.3,0,1.9,68
2017-11-03 0:00,0.2,11.9,0,1.4,68
2017-11-03 1:00,0,12,0,1.2,67
2017-11-03 2:00,0.2,11.6,0,1.5,65
2017-11-03 3:00,0.1,12.2,0,1.5,64
2017-11-03 4:00,0.2,12.2,0,1.4,67
2017-11-03 5:00,0.2,12.1,0,1.5,71
2017-11-03 6:00,0.1,11.5,0,1.1,73
2017-11-03 7:00,1.1,11.1,0,1.1,73
2017-11-03 8:00,41,11.8,0,1.2,64
2017-11-03 9:00,214.6,14.6,0,0.4,64
2017-11-03 10:00,357.6,18.6,0,1.2,67
2017-11-03 11:00,379,19.4,0,1.5,65
2017-11-03 12:00,433.4,19.2,0,1.8,61
2017-11-03 13:00,534.9,19.8,0,2.5,68
2017-11-03 14:00,529.1,20.2,0,2.8,70
2017-11-03 15:00,298,19.3,0,2.4,81
2017-11-03 16:00,82.5,18.6,0,2.7,79
2017-11-03 17:00,6.9,16.3,0,3.1,70
2017-11-03 18:00,0.7,15.3,0,3.2,67
2017-11-03 19:00,0.3,14.7,0,2.5,64
2017-11-03 20:00,0.4,14.1,0,2.2,66
2017-11-03 21:00,0.3,13.3,0,1.7,62
2017-11-03 22:00,0.3,13,0,2.4,60
2017-11-03 23:00,0.3,12.6,0,2.7,58
2017-11-04 0:00,0.3,12.2,0,3,58
2017-11-04 1:00,0,11.6,0,3.4,58
2017-11-04 2:00,0.2,11.5,0,3.5,51
2017-11-04 3:00,0.2,11.2,0,4.1,55
2017-11-04 4:00,0.2,11.3,0,3.3,52
2017-11-04 5:00,0.2,11.1,0,3.8,56
2017-11-04 6:00,0.2,10.8,0,3.7,55
2017-11-04 7:00,0.4,10.7,0,3.8,56
2017-11-04 8:00,11.6,10.7,0,3,54
2017-11-04 9:00,54.7,10.6,0,2.8,53
2017-11-04 10:00,128.3,10.9,0,2.7,52
2017-11-04 11:00,316,11.8,0,2.9,47
2017-11-04 12:00,424.5,12.3,0,2.8,53
2017-11-04 13:00,507.7,12.8,0,2.7,49
2017-11-04 14:00,392.2,12.6,0,2.7,53
2017-11-04 15:00,319.9,12.5,0,2.2,55
2017-11-04 16:00,289.9,12.9,0,2.2,55
2017-11-04 17:00,114,12.1,0,1.4,53
2017-11-04 18:00,14.6,11.4,0,0.7,55
2017-11-04 19:00,0.3,9.5,0,1.6,60
2017-11-04 20:00,0.3,8.2,0,2.7,60
2017-11-04 21:00,0.3,7.7,0,2.8,60
2017-11-04 22:00,0.4,7.4,0,3,64
2017-11-04 23:00,0.2,7,0,3,64
2017-11-05 0:00,0.3,6.7,0,3,66
2017-11-05 1:00,0,6.3,0,2.8,68
2017-11-05 2:00,0.2,6.2,0,2.6,69
2017-11-05 3:00,0.2,6.2,0,2.8,69
2017-11-05 4:00,0.2,6.2,0,2.9,71
2017-11-05 5:00,0.2,6.2,0,2.4,73
2017-11-05 6:00,0.2,6.7,0,2.6,74
2017-11-05 7:00,0.7,7.4,0,2.4,72
2017-11-05 8:00,51.9,7.9,0,2.4,61
2017-11-05 9:00,151.2,10,0,1.2,56
2017-11-05 10:00,350.6,12.4,0,0.6,54
2017-11-05 11:00,550.8,13.7,0,1.1,53
2017-11-05 12:00,628.2,14.1,0,1.6,50
2017-11-05 13:00,639.7,14.7,0,1.3,51
2017-11-05 14:00,587.8,15.3,0,1.6,48
2017-11-05 15:00,474.6,15.7,0,1.3,47
2017-11-05 16:00,331.9,15.8,0,1.2,51
2017-11-05 17:00,161.9,14.8,0,1,58
2017-11-05 18:00,21.5,12.7,0,0.1,63
2017-11-05 19:00,0.3,9.7,0,2.1,61
2017-11-05 20:00,0.3,8.4,0,2.5,59
2017-11-05 21:00,0.3,8.2,0,2.8,62
2017-11-05 22:00,0.2,8,0,3,63
2017-11-05 23:00,0.2,7.6,0,2.8,57
2017-11-06 0:00,0.2,7.3,0,2.9,46
2017-11-06 1:00,0,7.4,0,2,70
2017-11-06 2:00,0.3,8.4,0,2,73
2017-11-06 3:00,0.3,8.2,0,2.1,73
2017-11-06 4:00,0.1,8.1,0,1.8,75
2017-11-06 5:00,0.1,8.5,0,2.4,78
2017-11-06 6:00,0.2,8.7,0,2.7,74
2017-11-06 7:00,1,8.3,0,2.2,74
2017-11-06 8:00,69.4,9.3,0,1.5,65
2017-11-06 9:00,229.9,12.7,0,0.6,62
2017-11-06 10:00,405.5,17.1,0,1.1,63
2017-11-06 11:00,550.5,18.7,0,1.5,61
2017-11-06 12:00,464.5,19.7,0,1.1,63
2017-11-06 13:00,440.8,19.7,0,1.6,69
2017-11-06 14:00,418.2,19.8,0,1.6,66
2017-11-06 15:00,237.7,19.2,0,1.7,67
2017-11-06 16:00,261.2,19,0,1.5,77
2017-11-06 17:00,128.8,18.6,0,1.3,81
2017-11-06 18:00,13.3,16.9,0,0.8,81
2017-11-06 19:00,0.1,14.8,0,1.6,81
2017-11-06 20:00,0.1,13.7,0,1.6,76
2017-11-06 21:00,0.1,13.8,0,1.9,71
2017-11-06 22:00,0.2,15,0,1.2,70
2017-11-06 23:00,0.2,15.2,0,1.3,74
2017-11-07 0:00,0.1,15.1,0,2,74
2017-11-07 1:00,0,14.6,0,1.7,75
2017-11-07 2:00,0.2,14.6,0,2.1,73
2017-11-07 3:00,0.1,15,0,1.7,73
2017-11-07 4:00,0.2,15.6,0,1.8,73
2017-11-07 5:00,0.2,16.1,0,2.1,74
2017-11-07 6:00,0.1,16.5,0,1.9,77
2017-11-07 7:00,0.4,17.1,0,2,76
2017-11-07 8:00,20.4,17.6,0,1.7,73
2017-11-07 9:00,68.6,18.8,0,1.3,73
2017-11-07 10:00,210.3,21.4,0,0.3,66
2017-11-07 11:00,217.4,22.2,0,0.6,71
2017-11-07 12:00,246,23.1,0,0.7,76
2017-11-07 13:00,233.2,23.2,0,0.3,71
2017-11-07 14:00,230.6,23.4,0,0.7,69
2017-11-07 15:00,159,23,0,0.7,77
2017-11-07 16:00,77.7,22.5,0,0.9,76
2017-11-07 17:00,30.1,21.8,0,0.2,79
2017-11-07 18:00,4.7,20.9,0,0.2,80
2017-11-07 19:00,0.1,19.9,0,0.5,82
2017-11-07 20:00,0.1,19.2,0,1.1,85
2017-11-07 21:00,0.1,19.3,0,0.6,85
2017-11-07 22:00,0.1,19,0,0.5,82
2017-11-07 23:00,0.1,18.8,0,0.9,87
2017-11-08 0:00,0,18.8,0,0.5,82
2017-11-08 1:00,0,19.5,0,2.6,89
2017-11-08 2:00,0.1,20,0,3,92
2017-11-08 3:00,0.1,19.9,0,2.5,92
2017-11-08 4:00,0,19.9,0,3.1,96
2017-11-08 5:00,0,19.4,0,3.3,97
2017-11-08 6:00,0,18.5,0,2.5,92
2017-11-08 7:00,0,17.9,0,2.3,85
2017-11-08 8:00,7,17.1,0,2.4,81
2017-11-08 9:00,48.8,16.6,0,2,79
2017-11-08 10:00,239.4,17.2,0,2,72
2017-11-08 11:00,392.6,19.2,0,1.7,72
2017-11-08 12:00,438.1,19.3,0,2.3,71
2017-11-08 13:00,538.6,20,0,2,67
2017-11-08 14:00,534,20,0,2.3,58
2017-11-08 15:00,422.3,19.5,0,2.2,61
2017-11-08 16:00,241.4,18.8,0,2.4,66
2017-11-08 17:00,79,17.1,0,2.3,67
2017-11-08 18:00,10.8,15.7,0,2.5,60
2017-11-08 19:00,0.2,14.7,0,1.8,61
2017-11-08 20:00,0.1,13.2,0,1,68
2017-11-08 21:00,0.1,11.3,0,1.1,67
2017-11-08 22:00,0.1,9.8,0,1.4,66
2017-11-08 23:00,0.1,8.6,0,1.5,68
2017-11-09 0:00,0.1,8.2,0,2.3,66
2017-11-09 1:00,0,7.4,0,1.8,67
2017-11-09 2:00,0.1,7.4,0,2.3,65
2017-11-09 3:00,0.1,7.2,0,2.5,68
2017-11-09 4:00,0.1,6.9,0,2.3,69
2017-11-09 5:00,0.1,6.8,0,2.7,70
2017-11-09 6:00,0.1,6.7,0,2.9,72
2017-11-09 7:00,0.7,6.5,0,2.9,65
2017-11-09 8:00,69.7,7,0,1.9,60
2017-11-09 9:00,242.9,10.6,0,1.5,55
2017-11-09 10:00,405.1,14.9,0,0.5,52
2017-11-09 11:00,529.2,16.1,0,0.8,50
2017-11-09 12:00,605.2,17.2,0,1.6,53
2017-11-09 13:00,617.8,17.5,0,2,54
2017-11-09 14:00,573.3,18.2,0,1.9,60
2017-11-09 15:00,470.4,18.9,0,2.1,58
2017-11-09 16:00,322.2,19.2,0,2.2,64
2017-11-09 17:00,157.3,18.6,0,1.9,72
2017-11-09 18:00,19.8,16,0,0.3,72
2017-11-09 19:00,0.2,12.9,0,2.3,64
2017-11-09 20:00,0.2,11.7,0,2.4,69
2017-11-09 21:00,0.2,11.5,0,2.9,67
2017-11-09 22:00,0.2,11.4,0,2.9,67
2017-11-09 23:00,0.2,11.3,0,3,65
2017-11-10 0:00,0.2,11.3,0,3.4,68
2017-11-10 1:00,0,11.4,0,3.3,61
2017-11-10 2:00,0.2,11.4,0,3,65
2017-11-10 3:00,0.2,11.3,0,3.2,70
2017-11-10 4:00,0.2,11.4,0,3.7,63
2017-11-10 5:00,0.2,11.4,0,3.2,66
2017-11-10 6:00,0.1,11.6,0,2.5,68
2017-11-10 7:00,0.6,11.6,0,2.9,67
2017-11-10 8:00,58,12.3,0,2.7,55
2017-11-10 9:00,232.5,15.4,0,1.4,55
2017-11-10 10:00,398.4,19.9,0,0.5,50
2017-11-10 11:00,520.9,21.6,0,0.8,58
2017-11-10 12:00,599.8,22.4,0,1.3,53
2017-11-10 13:00,611,24,0,2,52
2017-11-10 14:00,544.5,24.5,0,3.6,62
2017-11-10 15:00,390.2,23.8,0,4.6,66
2017-11-10 16:00,163.8,21.5,0,4.2,70
2017-11-10 17:00,48.9,20.1,0,4,84
2017-11-10 18:00,6.3,19.2,0,3.3,78
2017-11-10 19:00,0.1,17.6,0,3.5,72
2017-11-10 20:00,0.1,17,0,2.9,73
2017-11-10 21:00,0.2,16.5,0,3.4,68
2017-11-10 22:00,0.2,15.4,0,3,65
2017-11-10 23:00,0.2,15.2,0,3.2,62
2017-11-11 0:00,0.2,14.3,0,3.2,59
2017-11-11 1:00,0,13.2,0,3.3,59
2017-11-11 2:00,0.2,12.4,0,3.1,58
2017-11-11 3:00,0.1,11.6,0,2.8,58
2017-11-11 4:00,0.2,11.4,0,2.4,56
2017-11-11 5:00,0.2,11.3,0,2.5,53
2017-11-11 6:00,0.1,10.8,0,2.8,51
2017-11-11 7:00,0.5,10.4,0,2,53
2017-11-11 8:00,40.4,10.2,0,1.7,52
2017-11-11 9:00,107.8,10.8,0,2,50
2017-11-11 10:00,374.1,12,0,1.9,52
2017-11-11 11:00,459.6,12.4,0,2.1,51
2017-11-11 12:00,441.7,12.5,0,2.1,52
2017-11-11 13:00,492,12.8,0,1.8,50
2017-11-11 14:00,500.4,13.1,0,2.2,51
2017-11-11 15:00,446.9,13.1,0,2.4,53
2017-11-11 16:00,315,13,0,2.1,52
2017-11-11 17:00,103.9,11.9,0,1.3,58
2017-11-11 18:00,14.3,10.3,0,0.5,57
2017-11-11 19:00,0.2,8.1,0,1.6,60
2017-11-11 20:00,0.2,7.3,0,1.7,58
2017-11-11 21:00,0.1,7.1,0,1.4,62
2017-11-11 22:00,0.1,7.2,0,1.5,63
2017-11-11 23:00,0.2,7.1,0,1.5,65
2017-11-12 0:00,0.1,7.4,0,1.3,64
2017-11-12 1:00,0,6.9,0,1.6,63
2017-11-12 2:00,0.1,6.7,0,1.7,65
2017-11-12 3:00,0.1,6.9,0,1.3,70
2017-11-12 4:00,0.1,7,0,1.8,72
2017-11-12 5:00,0.1,6,0,1.7,72
2017-11-12 6:00,0.1,6,0,1.8,71
2017-11-12 7:00,0.5,5.6,0,1.9,68
2017-11-12 8:00,42,5.8,0,2,62
2017-11-12 9:00,155.7,8.5,0,1.4,56
2017-11-12 10:00,343,11.8,0,0.7,56
2017-11-12 11:00,455.5,13.4,0,0.7,55
2017-11-12 12:00,448.2,14.8,0,1,58
2017-11-12 13:00,412.2,14.8,0,1.3,58
2017-11-12 14:00,345,14.5,0,1.7,59
2017-11-12 15:00,187.4,13.9,0,1,61
2017-11-12 16:00,188.6,14.2,0,0.9,65
2017-11-12 17:00,133.6,14,0,1.1,69
2017-11-12 18:00,17.2,12.3,0,0.6,72
2017-11-12 19:00,0.1,9.9,0,1.9,73
2017-11-12 20:00,0.1,8.7,0,2,72
2017-11-12 21:00,0.1,8.5,0,2.5,75
2017-11-12 22:00,0.1,8.4,0,2.7,75
2017-11-12 23:00,0.1,8.1,0,2.8,75
2017-11-13 0:00,0.1,8,0,2.5,78
2017-11-13 1:00,0,7.5,0,2.7,80
2017-11-13 2:00,0.1,7.5,0,3,73
2017-11-13 3:00,0.1,7.3,0,3.3,72
2017-11-13 4:00,0.1,7.3,0,3.2,77
2017-11-13 5:00,0.1,7.3,0,2.8,77
2017-11-13 6:00,0.1,7.5,0,3.1,77
2017-11-13 7:00,0.5,8.2,0,3.2,78
2017-11-13 8:00,54.2,8.1,0,2,70
2017-11-13 9:00,97.7,11.3,0,1,78
2017-11-13 10:00,186,13.9,0,0.7,75
2017-11-13 11:00,208.8,14.6,0,1.4,69
2017-11-13 12:00,164.6,14.2,0,0.9,65
2017-11-13 13:00,406.5,15.6,0,0.1,69
2017-11-13 14:00,502,17.4,0,1.7,73
2017-11-13 15:00,152.5,16.1,0,2.3,70
2017-11-13 16:00,60.5,14.6,0,2.1,67
2017-11-13 17:00,77.6,14.5,0,1.4,68
2017-11-13 18:00,7.6,12.9,0,0.9,74
2017-11-13 19:00,0.1,11.2,0,0.6,72
2017-11-13 20:00,0.2,11,0,1.4,70
2017-11-13 21:00,0.1,11.4,0,1.9,66
2017-11-13 22:00,0.2,11.5,0,1.5,61
2017-11-13 23:00,0.1,12,0,1.6,66
2017-11-14 0:00,0.1,12,0,1.7,67
2017-11-14 1:00,0,11.9,0,1.5,68
2017-11-14 2:00,0.2,11.8,0,1.4,69
2017-11-14 3:00,0.1,12.1,0,1.2,75
2017-11-14 4:00,0.1,13,0,1.1,76
2017-11-14 5:00,0.1,13.4,0,1.2,76
2017-11-14 6:00,0.1,13.6,0,1.1,75
2017-11-14 7:00,0.1,13.8,0,0.5,65
2017-11-14 8:00,14,13.8,0,0.4,41
2017-11-14 9:00,61.7,14.2,0,0.8,40
2017-11-14 10:00,261.7,15.2,0,1.4,48
2017-11-14 11:00,480.6,16.4,0,1.5,45
2017-11-14 12:00,552.9,16.2,0,2.5,46
2017-11-14 13:00,573.4,16,0,1.9,49
2017-11-14 14:00,530.3,16.5,0,1.4,52
2017-11-14 15:00,415.1,16.3,0,1.6,51
2017-11-14 16:00,230.7,15.7,0,1.6,51
2017-11-14 17:00,94.3,14.9,0,1.3,50
2017-11-14 18:00,8.9,13.4,0,0.9,49
2017-11-14 19:00,0.2,11.9,0,0.8,53
2017-11-14 20:00,0.2,10.8,0,0.9,52
2017-11-14 21:00,0.2,9.8,0,1.3,51
2017-11-14 22:00,0.2,9.1,0,1.7,52
2017-11-14 23:00,0.2,8.6,0,1.9,55
2017-11-15 0:00,0.2,8,0,1.8,56
2017-11-15 1:00,0,7.4,0,1.9,58
2017-11-15 2:00,0.2,7.9,0,1.4,53
2017-11-15 3:00,0.2,8.6,0,1.6,51
2017-11-15 4:00,0.1,9.1,0,1.5,48
2017-11-15 5:00,0.1,8.2,0,1.2,47
2017-11-15 6:00,0.1,7.4,0,1.4,48
2017-11-15 7:00,0.3,7,0,1.4,47
2017-11-15 8:00,45.8,6.8,0,1.4,45
2017-11-15 9:00,203,9.8,0,1.1,43
2017-11-15 10:00,360.2,12.9,0,2.2,42
2017-11-15 11:00,487,14,0,2.1,45
2017-11-15 12:00,547.9,14.6,0,2.1,47
2017-11-15 13:00,579.6,14.4,0,2.6,48
2017-11-15 14:00,478.9,14.2,0,2.7,49
2017-11-15 15:00,244,13.3,0,2.9,51
2017-11-15 16:00,124.4,12.2,0,2.8,53
2017-11-15 17:00,75.8,11.8,0,2.4,54
2017-11-15 18:00,10.2,10.8,0,1.3,49
2017-11-15 19:00,0.2,9.4,0,1,59
2017-11-15 20:00,0.1,9.1,0,1.3,59
2017-11-15 21:00,0.1,9.3,0,1,59
2017-11-15 22:00,0.2,9.4,0,0.8,60
2017-11-15 23:00,0.2,8.7,0,1,61
2017-11-16 0:00,0.2,8.1,0,1.2,60
2017-11-16 1:00,0,7.6,0,1.1,62
2017-11-16 2:00,0.1,7.8,0,1.2,65
2017-11-16 3:00,0.2,8.2,0,1,65
2017-11-16 4:00,0.1,8.1,0,0.7,64
2017-11-16 5:00,0.1,7.1,0,1.1,64
2017-11-16 6:00,0.1,6.4,0,1.4,70
2017-11-16 7:00,0.2,5.8,0,2.1,68
2017-11-16 8:00,27.4,6,0,2,59
2017-11-16 9:00,146.9,8.3,0,1.1,56
2017-11-16 10:00,232.9,11.1,0,1.1,51
2017-11-16 11:00,440.3,12.6,0,1.4,54
2017-11-16 12:00,552.5,12.8,0,1.8,55
2017-11-16 13:00,575.4,13.8,0,1.4,56
2017-11-16 14:00,504.4,14.2,0,1.7,55
2017-11-16 15:00,348.9,13.5,0,1.6,52
2017-11-16 16:00,274,13,0,1.3,54
2017-11-16 17:00,105.3,12.2,0,1.1,53
2017-11-16 18:00,7.9,10.3,0,0.3,55
2017-11-16 19:00,0.2,7.9,0,1.9,65
2017-11-16 20:00,0.2,6.9,0,2.4,61
2017-11-16 21:00,0.2,6.4,0,3.2,62
2017-11-16 22:00,0.3,6.1,0,2.8,63
2017-11-16 23:00,0.2,6,0,2.5,61
2017-11-17 0:00,0.2,6,0,3,60
2017-11-17 1:00,0,6,0,2,60
2017-11-17 2:00,0.2,5.7,0,2.1,60
2017-11-17 3:00,0.2,6.1,0,2,59
2017-11-17 4:00,0.2,6.6,0,1.6,58
2017-11-17 5:00,0.2,7.7,0,1.9,60
2017-11-17 6:00,0.2,8.3,0,1.5,66
2017-11-17 7:00,0.3,8.3,0,1.4,67
2017-11-17 8:00,12.4,8,0,1.7,65
2017-11-17 9:00,47.7,9.6,0,0.9,65
2017-11-17 10:00,86.9,11.3,0,0.7,62
2017-11-17 11:00,150.3,14,0,1.6,51
2017-11-17 12:00,187.2,15.7,0,1,42
2017-11-17 13:00,118.9,15,0,0.9,45
2017-11-17 14:00,97.4,15.1,0,1.1,43
2017-11-17 15:00,69.2,14,0,0.8,54
2017-11-17 16:00,40.4,13.7,0,0.3,68
2017-11-17 17:00,17.8,12.9,0,1.8,71
2017-11-17 18:00,1.5,11.6,0,0.9,72
2017-11-17 19:00,0,10.9,0,1.6,68
2017-11-17 20:00,0,10.8,0,1.9,81
2017-11-17 21:00,0,11.1,0,1.8,77
2017-11-17 22:00,0,11.4,0,2.4,74
2017-11-17 23:00,0,12.2,0,1.3,84
2017-11-18 0:00,0,12.1,0,0.7,80
2017-11-18 1:00,0,12.8,0,1.3,70
2017-11-18 2:00,0,12.5,0,2,83
2017-11-18 3:00,0,12.2,0,1.1,80
2017-11-18 4:00,0,10.9,0,3.9,77
2017-11-18 5:00,0,9.7,0,2.9,73
2017-11-18 6:00,0,9.2,0,3,70
2017-11-18 7:00,0.1,8.3,1,3.1,66
2017-11-18 8:00,2.6,7.6,1,2.7,66
2017-11-18 9:00,20.8,7.1,1,2.9,67
2017-11-18 10:00,75,6.7,1,2.6,64
2017-11-18 11:00,82.2,6.6,1,3.2,63
2017-11-18 12:00,139.3,6.2,1,4,57
2017-11-18 13:00,130.3,6,1,3.5,57
2017-11-18 14:00,241.1,5.9,1,3.9,57
2017-11-18 15:00,192.2,5.8,1,4.1,55
2017-11-18 16:00,123.1,5.4,1,4,62
2017-11-18 17:00,57.6,5.1,1,4.1,59
2017-11-18 18:00,4.3,5,1,3.8,62
2017-11-18 19:00,0.1,5.1,1,3.4,62
2017-11-18 20:00,0.1,5,1,3.5,61
2017-11-18 21:00,0.1,4.8,1,3.2,61
2017-11-18 22:00,0.1,5.2,1,2.5,59
2017-11-18 23:00,0.2,5.3,1,3.3,60
2017-11-19 0:00,0.2,5.3,1,2.7,60
2017-11-19 1:00,0,5.5,0,3.2,57
2017-11-19 2:00,0.1,5.7,0,2.7,58
2017-11-19 3:00,0.1,5.9,0,2.7,63
2017-11-19 4:00,0.1,6.1,0,2.6,55
2017-11-19 5:00,0.2,6.4,0,3.1,53
2017-11-19 6:00,0.1,6.9,0,3,64
2017-11-19 7:00,0.1,7.1,0,2.7,68
2017-11-19 8:00,3,6.5,0,2.8,66
2017-11-19 9:00,35.1,5.9,0,3.4,59
2017-11-19 10:00,111.3,6,0,2.8,51
2017-11-19 11:00,425.4,7.2,0,2.2,41
2017-11-19 12:00,547.8,8.3,0,1.9,37
2017-11-19 13:00,587.2,8.7,0,1.8,38
2017-11-19 14:00,498.8,9,0,1.2,44
2017-11-19 15:00,376.4,8.7,0,1.6,49
2017-11-19 16:00,298.1,8.6,0,1.6,52
2017-11-19 17:00,122,8,0,1,56
2017-11-19 18:00,11.3,6.3,0,0.3,55
2017-11-19 19:00,0.2,4.7,0,1.5,56
2017-11-19 20:00,0.3,6.1,0,1.2,56
2017-11-19 21:00,0.2,7,0,2.1,57
2017-11-19 22:00,0.1,7.2,0,1.9,58
2017-11-19 23:00,0.2,7.4,0,1.7,60
2017-11-20 0:00,0.2,7.7,0,1.4,64
2017-11-20 1:00,0,7.9,0,1.2,84
2017-11-20 2:00,0.2,7.4,0,1,73
2017-11-20 3:00,0.1,7.1,0,0.4,67
2017-11-20 4:00,0,6.7,0,1,80
2017-11-20 5:00,0,6.3,0,0.8,73
2017-11-20 6:00,0,6.2,0,1,70
2017-11-20 7:00,0,6,0,1,66
2017-11-20 8:00,11.9,6.1,0,0.8,70
2017-11-20 9:00,67.2,6.6,0,1.1,61
2017-11-20 10:00,171.6,8,1,1.3,58
2017-11-20 11:00,330.4,9.6,1,1.4,56
2017-11-20 12:00,399.7,10.7,1,1.5,52
2017-11-20 13:00,486.3,11.2,1,1.9,49
2017-11-20 14:00,492.2,12.2,1,2.2,53
2017-11-20 15:00,173.7,10.8,1,2.4,56
2017-11-20 16:00,146.6,10.7,1,2.4,53
2017-11-20 17:00,65.4,10.3,1,2.2,55
2017-11-20 18:00,5.4,9.5,1,1.4,54
2017-11-20 19:00,0.1,8.6,1,0.9,52
2017-11-20 20:00,0,7.8,1,0.7,48
2017-11-20 21:00,0,6.7,1,1.3,60
2017-11-20 22:00,0,5.5,1,1.9,62
2017-11-20 23:00,0,5.7,1,2.1,62
2017-11-21 0:00,0,5.6,1,1.9,65
2017-11-21 1:00,0,5.8,0,2.1,68
2017-11-21 2:00,0,5,0,2.3,69
2017-11-21 3:00,0,4.5,0,3.2,67
2017-11-21 4:00,0,4.2,0,3.2,66
2017-11-21 5:00,0,4,0,3.2,65
2017-11-21 6:00,0,4,0,3.2,63
2017-11-21 7:00,0.1,4.1,0,3.2,62
2017-11-21 8:00,29.4,4.3,0,3.1,56
2017-11-21 9:00,177,6.6,0,2.6,50
2017-11-21 10:00,338.6,10.9,0,1.3,50
2017-11-21 11:00,335,12.2,0,0.2,49
2017-11-21 12:00,402.3,12.2,0,1,49
2017-11-21 13:00,520,13.3,0,1.1,60
2017-11-21 14:00,333.6,12.7,0,1.6,63
2017-11-21 15:00,364.3,13,0,1.5,64
2017-11-21 16:00,243.3,12.5,0,2,67
2017-11-21 17:00,103.8,11.7,0,1.8,69
2017-11-21 18:00,6.8,10.3,0,0.8,71
2017-11-21 19:00,0,8.5,0,1.1,73
2017-11-21 20:00,0,7.3,0,1.7,70
2017-11-21 21:00,0,7.1,0,1.6,66
2017-11-21 22:00,0,7.3,0,2,67
2017-11-21 23:00,0,7.4,0,1.6,65
2017-11-22 0:00,0,7.8,0,1.6,66
2017-11-22 1:00,0,8.2,0,2.2,68
2017-11-22 2:00,0,8.6,0,1.5,70
2017-11-22 3:00,0.1,8.7,0,1.7,75
2017-11-22 4:00,0.1,9.2,0,1.8,79
2017-11-22 5:00,0,9.3,0,1.3,81
2017-11-22 6:00,0,9.6,0,1.8,87
2017-11-22 7:00,0,9.4,0,1.5,90
2017-11-22 8:00,4.2,9.6,0,1.3,85
2017-11-22 9:00,41.4,10.4,0,0.7,76
2017-11-22 10:00,82.5,11.2,0,0.8,75
2017-11-22 11:00,83.1,12.1,0,0.7,70
2017-11-22 12:00,86.3,13,0,0.7,51
2017-11-22 13:00,153.8,14.8,0,1.6,64
2017-11-22 14:00,147,14.7,0,2.4,60
2017-11-22 15:00,70.7,14,0,1.8,70
2017-11-22 16:00,18.4,13.5,0,2.2,58
2017-11-22 17:00,18,13,0,2.7,70
2017-11-22 18:00,3.3,12.5,0,2.2,61
2017-11-22 19:00,0,12.5,0,3.2,54
2017-11-22 20:00,0.1,12.2,0,2.8,58
2017-11-22 21:00,0,11.9,0,2.7,67
2017-11-22 22:00,0,11.7,0,3.1,64
2017-11-22 23:00,0,10.8,0,3.9,62
2017-11-23 0:00,0.1,9.9,0,4,57
2017-11-23 1:00,0,9.1,0,3.6,52
2017-11-23 2:00,0.1,8.3,0,3.2,53
2017-11-23 3:00,0.1,8.2,0,3.2,51
2017-11-23 4:00,0.1,8.3,0,3.6,53
2017-11-23 5:00,0.1,8,0,2.8,59
2017-11-23 6:00,0.1,8,0,2.5,55
2017-11-23 7:00,0.1,8.2,0,3.1,50
2017-11-23 8:00,9.1,8.2,0,3.4,52
2017-11-23 9:00,45.6,8.4,0,3.5,55
2017-11-23 10:00,70.6,8.7,0,3.9,51
2017-11-23 11:00,77.9,8.3,0,3.8,47
2017-11-23 12:00,203.9,9.5,0,3.8,49
2017-11-23 13:00,111.1,9.4,0,3.8,43
2017-11-23 14:00,147.8,9.7,0,4.2,50
2017-11-23 15:00,81.8,9.5,0,4.3,44
2017-11-23 16:00,47.6,8.9,1,4,46
2017-11-23 17:00,44,8.9,1,3.3,44
2017-11-23 18:00,2.3,8.5,1,3.4,45
2017-11-23 19:00,0.1,8.5,1,3.3,48
2017-11-23 20:00,0.1,8.5,1,3.3,49
2017-11-23 21:00,0.1,8.5,1,3,49
2017-11-23 22:00,0.1,8.4,1,2.6,50
2017-11-23 23:00,0.1,8.6,1,2.3,59
2017-11-24 0:00,0.1,8.6,1,2.4,64
2017-11-24 1:00,0,7.7,0,2.4,76
2017-11-24 2:00,0,7.6,0,2.7,68
2017-11-24 3:00,0,7.9,0,2,68
2017-11-24 4:00,0,8.8,0,3.4,67
2017-11-24 5:00,0,8.4,0,2.8,56
2017-11-24 6:00,0,8.5,0,3.2,51
2017-11-24 7:00,0,8.7,0,2.4,49
2017-11-24 8:00,4.1,9.2,0,3.3,45
2017-11-24 9:00,27.9,9.4,0,3.7,40
2017-11-24 10:00,103.5,9.8,0,3.9,39
2017-11-24 11:00,282.9,10.7,0,3.9,36
2017-11-24 12:00,437.4,11.9,0,4,36
2017-11-24 13:00,418.4,11.9,0,4.1,42
2017-11-24 14:00,354.5,12,0,4.2,48
2017-11-24 15:00,164.9,11.3,0,3.9,52
2017-11-24 16:00,77.3,10.6,0,4,55
2017-11-24 17:00,32.7,10.1,0,3.5,54
2017-11-24 18:00,1.9,9.6,0,3.1,56
2017-11-24 19:00,0.1,9.3,0,3,56
2017-11-24 20:00,0.1,9.1,0,2.7,56
2017-11-24 21:00,0.1,8.7,0,2,55
2017-11-24 22:00,0.1,7.9,0,1.8,57
2017-11-24 23:00,0.1,6.9,0,1.9,60
2017-11-25 0:00,0.1,6.8,0,2.1,61
2017-11-25 1:00,0,6.4,0,1.9,63
2017-11-25 2:00,0.1,6.2,0,1.8,63
2017-11-25 3:00,0.1,6,0,2,62
2017-11-25 4:00,0.1,6.1,0,1.9,64
2017-11-25 5:00,0.1,5.7,0,1.8,64
2017-11-25 6:00,0.1,6.2,0,1.8,65
2017-11-25 7:00,0.1,5.9,0,1.4,66
2017-11-25 8:00,13.1,6,0,1.3,63
2017-11-25 9:00,69.1,7.3,0,0.4,55
2017-11-25 10:00,181.6,10.7,0,1,56
2017-11-25 11:00,259.3,13,0,1,43
2017-11-25 12:00,363.9,14.8,0,3.2,43
2017-11-25 13:00,366.2,15.6,0,3.4,42
2017-11-25 14:00,313.3,15.8,0,3.1,46
2017-11-25 15:00,225.7,15.5,0,3.5,43
2017-11-25 16:00,140.6,14.9,0,3.4,45
2017-11-25 17:00,67.2,14,0,3.6,48
2017-11-25 18:00,4.9,13,0,3.2,49
2017-11-25 19:00,0.1,12,0,1.8,52
2017-11-25 20:00,0.1,10.5,0,1.3,52
2017-11-25 21:00,0.1,10.4,0,1.5,51
2017-11-25 22:00,0.1,10,0,1.3,53
2017-11-25 23:00,0.1,9.4,0,1.4,54
2017-11-26 0:00,0.1,8.6,0,0.9,57
2017-11-26 1:00,0,9.8,0,1.4,62
2017-11-26 2:00,0.1,13.3,0,3.2,65
2017-11-26 3:00,0.1,13.7,0,3,66
2017-11-26 4:00,0.1,13.8,0,2.7,67
2017-11-26 5:00,0.1,13.7,0,2.3,79
2017-11-26 6:00,0.1,13.9,0,2.5,76
2017-11-26 7:00,0.1,13.7,0,2,74
2017-11-26 8:00,10.5,13.2,0,1.8,72
2017-11-26 9:00,47.5,13.8,0,2,60
2017-11-26 10:00,132,15,0,2.3,61
2017-11-26 11:00,182,15.7,0,2.8,59
2017-11-26 12:00,256.6,16.2,0,3,59
2017-11-26 13:00,231.7,16.2,0,2.8,65
2017-11-26 14:00,232.8,16.2,0,2.7,61
2017-11-26 15:00,175.9,15.7,0,2.6,63
2017-11-26 16:00,161.8,15.4,0,2.5,67
2017-11-26 17:00,62.6,14.5,0,1.9,76
2017-11-26 18:00,4.9,13.5,0,1.5,73
2017-11-26 19:00,0.1,12.5,0,0.9,63
2017-11-26 20:00,0.1,11.9,0,0.9,62
2017-11-26 21:00,0.1,10.7,0,0.5,60
2017-11-26 22:00,0.1,10.2,0,0.6,64
2017-11-26 23:00,0.1,10.1,0,1,66
2017-11-27 0:00,0.1,8.6,0,0.6,68
2017-11-27 1:00,0,7.2,0,0.7,66
2017-11-27 2:00,0.1,7.6,0,0.6,64
2017-11-27 3:00,0.1,8.7,0,1,66
2017-11-27 4:00,0.1,8.4,0,0.7,65
2017-11-27 5:00,0.1,8.2,0,0.5,66
2017-11-27 6:00,0.1,8.2,0,0.7,66
2017-11-27 7:00,0.1,7.3,0,0.4,67
2017-11-27 8:00,12.5,6.8,0,0.4,61
2017-11-27 9:00,113.9,7.4,0,1,58
2017-11-27 10:00,292.1,9.7,0,0.8,54
2017-11-27 11:00,403.2,10.7,0,1.1,52
2017-11-27 12:00,487.6,11.2,0,1.7,53
2017-11-27 13:00,507.7,11.1,0,1.8,58
2017-11-27 14:00,465.4,11.9,0,1.8,58
2017-11-27 15:00,372.2,11.5,0,1.8,62
2017-11-27 16:00,245.5,11.3,0,1.7,67
2017-11-27 17:00,102.7,10.4,0,1.5,69
2017-11-27 18:00,7.8,8.3,0,0.8,70
2017-11-27 19:00,0.1,6.1,0,1.5,72
2017-11-27 20:00,0.1,5.8,0,1.5,75
2017-11-27 21:00,0.1,6.1,0,1.7,78
2017-11-27 22:00,0.1,5,0,1.9,77
2017-11-27 23:00,0.1,4.4,0,2.1,77
2017-11-28 0:00,0.1,4.4,0,2.4,78
2017-11-28 1:00,0,4.2,0,1.8,75
2017-11-28 2:00,0.1,4.3,0,1.9,77
2017-11-28 3:00,0.1,4.6,0,1.6,78
2017-11-28 4:00,0.1,5.1,0,1.4,82
2017-11-28 5:00,0.1,5,0,2.2,83
2017-11-28 6:00,0.1,6,0,2.5,84
2017-11-28 7:00,0.1,6.8,0,2.3,84
2017-11-28 8:00,23,7.6,0,1.5,79
2017-11-28 9:00,140.9,9.9,0,0.3,81
2017-11-28 10:00,211.3,13.7,0,0.7,85
2017-11-28 11:00,62.2,13.8,0,0.5,88
2017-11-28 12:00,117.6,14.3,0,0.3,94
2017-11-28 13:00,61.4,14.2,0,0.2,92
2017-11-28 14:00,108.3,14.4,0,0.5,90
2017-11-28 15:00,111.7,14.8,0,0.4,89
2017-11-28 16:00,196.5,16.1,0,0.5,91
2017-11-28 17:00,36.8,16.1,0,0.4,93
2017-11-28 18:00,3.2,15.1,0,0.4,94
2017-11-28 19:00,0,14.6,0,0.3,95
2017-11-28 20:00,0,14.5,0,0.6,95
2017-11-28 21:00,0,14.7,0,0.3,95
2017-11-28 22:00,0,14.7,0,0.1,95
2017-11-28 23:00,0,14.6,0,0.6,96
2017-11-29 0:00,0,14.8,0,0.1,93
2017-11-29 1:00,0,14.6,0,0.4,96
2017-11-29 2:00,0,14.5,0,0.3,97
2017-11-29 3:00,0,14.6,0,0.6,97
2017-11-29 4:00,0,14.4,0,0.5,97
2017-11-29 5:00,0,14,0,0.3,97
2017-11-29 6:00,0,13.7,0,0.7,85
2017-11-29 7:00,0,13.2,0,0.7,80
2017-11-29 8:00,2.4,12.7,0,0.7,80
2017-11-29 9:00,19.2,12.4,0,0.6,82
2017-11-29 10:00,18.8,12.3,0,1.5,81
2017-11-29 11:00,29.7,12,0,1.9,81
2017-11-29 12:00,42.8,11.8,0,2,76
2017-11-29 13:00,59.8,11.8,0,1.7,65
2017-11-29 14:00,52.8,11.3,0,1.8,60
2017-11-29 15:00,72.2,11.2,0,1,60
2017-11-29 16:00,77.7,11.1,0,1,58
2017-11-29 17:00,27.4,10.5,0,1.3,56
2017-11-29 18:00,2.3,9.6,0,0.8,60
2017-11-29 19:00,0,8.6,0,0.9,61
2017-11-29 20:00,0,8,0,0.8,59
2017-11-29 21:00,0,7.7,0,0.9,64
2017-11-29 22:00,0,8,0,0.6,62
2017-11-29 23:00,0,8.5,0,0.9,63
2017-11-30 0:00,0,8.2,0,0.5,63
2017-11-30 1:00,0,7.7,0,0.8,63
2017-11-30 2:00,0,7.6,0,0.8,65
2017-11-30 3:00,0,6.8,0,0.6,68
2017-11-30 4:00,0,6.6,0,0.6,68
2017-11-30 5:00,0,7.1,0,1.4,66
2017-11-30 6:00,0,7,0,1.6,66
2017-11-30 7:00,0,6.5,0,0.4,67
2017-11-30 8:00,6.2,6.6,0,1,66
2017-11-30 9:00,67.1,6.9,0,1.2,63
2017-11-30 10:00,144.5,7.3,0,1.8,65
2017-11-30 11:00,142.7,7,0,2,64
2017-11-30 12:00,133.1,6.6,0,1.7,57
2017-11-30 13:00,357.4,7.4,0,1.1,55
2017-11-30 14:00,220.5,7.3,0,1.4,47
2017-11-30 15:00,151.3,7.3,0,1.4,48
2017-11-30 16:00,239,8.3,0,1.1,49
2017-11-30 17:00,116.4,7.8,0,1.5,52
2017-11-30 18:00,8.3,6.3,0,1.5,54
2017-11-30 19:00,0,5.2,0,0.8,55
2017-11-30 20:00,0,5,0,0.9,63
2017-11-30 21:00,0,5.2,0,2.3,63
2017-11-30 22:00,0.1,4.8,0,1.8,62
2017-11-30 23:00,0,4.5,0,2.1,64
2017-12-01 0:00,0,4.2,0,1.9,63
2017-12-01 1:00,0,4,0,1.9,62
2017-12-01 2:00,0,4.1,0,1.4,63
2017-12-01 3:00,0.1,4.4,0,1.5,60
2017-12-01 4:00,0,4.6,0,1.5,59
2017-12-01 5:00,0.1,4.7,0,1.5,59
2017-12-01 6:00,0,4.8,0,1.4,59
2017-12-01 7:00,0.1,4.8,0,1,61
2017-12-01 8:00,2.7,4.9,0,1,62
2017-12-01 9:00,19.5,5,0,0.4,62
2017-12-01 10:00,72.7,5.5,0,1,65
2017-12-01 11:00,161.8,6.1,0,1.7,65
2017-12-01 12:00,151.4,6.2,0,1.5,59
2017-12-01 13:00,204.3,6.3,0,1.3,61
2017-12-01 14:00,172.3,6.6,0,1.8,58
2017-12-01 15:00,132.7,6,0,1.6,58
2017-12-01 16:00,88.7,6,0,1.2,58
2017-12-01 17:00,88,5.8,0,1.2,60
2017-12-01 18:00,7.9,5.5,0,0.1,54
2017-12-01 19:00,0.1,5.5,0,1,51
2017-12-01 20:00,0.1,5.1,0,0.6,49
2017-12-01 21:00,0,3.2,0,1,43
2017-12-01 22:00,0,1.8,0,1.9,51
2017-12-01 23:00,0,1.5,0,2.3,58
2017-12-02 0:00,0,1.4,0,2.7,55
2017-12-02 1:00,0,1.2,0,2.4,55
2017-12-02 2:00,0,1,0,2.6,60
2017-12-02 3:00,0,0.8,0,2.7,59
2017-12-02 4:00,0,0.9,0,3.2,60
2017-12-02 5:00,0,1.2,0,3.2,62
2017-12-02 6:00,0.1,1.5,0,3.2,63
2017-12-02 7:00,0.1,1.5,0,3.2,64
2017-12-02 8:00,22.9,1.8,0,3.1,58
2017-12-02 9:00,165.7,3.6,0,2.4,53
2017-12-02 10:00,322,7.6,0,1.6,53
2017-12-02 11:00,446,8.8,1,2,52
2017-12-02 12:00,503,9.5,1,1.5,53
2017-12-02 13:00,537.5,10,1,1.9,54
2017-12-02 14:00,359.1,9.9,1,1.9,55
2017-12-02 15:00,206,9.3,1,1.9,56
2017-12-02 16:00,128.4,8.8,1,1.5,57
2017-12-02 17:00,58.6,8.5,1,1.1,58
2017-12-02 18:00,4.5,8.1,1,0.7,59
2017-12-02 19:00,0.1,7.4,1,1.6,62
2017-12-02 20:00,0,7.1,1,1.7,65
2017-12-02 21:00,0,6.5,1,2,67
2017-12-02 22:00,0.1,5.3,1,2.2,69
2017-12-02 23:00,0.1,4.1,1,2.7,65
2017-12-03 0:00,0,3.6,1,2.9,69
2017-12-03 1:00,0,3.4,0,2.3,69
2017-12-03 2:00,0,3.4,0,3,60
2017-12-03 3:00,0.1,3.6,0,2.6,64
2017-12-03 4:00,0.1,3.3,0,2.3,68
2017-12-03 5:00,0.1,3.3,0,2.9,71
2017-12-03 6:00,0.1,3.7,0,3.3,74
2017-12-03 7:00,0.1,3.8,0,3.4,74
2017-12-03 8:00,21.6,4,0,3.4,66
2017-12-03 9:00,133.9,6,0,2.4,58
2017-12-03 10:00,233.3,10.2,0,2,54
2017-12-03 11:00,294.8,12.4,0,0.7,50
2017-12-03 12:00,334.2,13,0,0.8,54
2017-12-03 13:00,398.3,13.9,0,0.3,54
2017-12-03 14:00,377.5,13.5,0,1.6,56
2017-12-03 15:00,331.3,13.5,0,1.6,57
2017-12-03 16:00,263.9,13.7,0,1.3,59
2017-12-03 17:00,107.1,12.5,0,1.3,64
2017-12-03 18:00,9.9,10,0,0.6,68
2017-12-03 19:00,0.1,7.7,0,2.5,68
2017-12-03 20:00,0,7.5,0,2.2,66
2017-12-03 21:00,0,7.8,0,1.8,65
2017-12-03 22:00,0,9.3,0,1.9,67
2017-12-03 23:00,0.1,9.6,0,1.8,66
2017-12-04 0:00,0,9.6,0,1.6,67
2017-12-04 1:00,0,8.8,0,1.4,69
2017-12-04 2:00,0,8.4,0,1.6,69
2017-12-04 3:00,0,8.4,0,1.2,69
2017-12-04 4:00,0,8.4,0,1.5,70
2017-12-04 5:00,0.1,9,0,1.2,70
2017-12-04 6:00,0,10,0,1.8,72
2017-12-04 7:00,0,9.9,0,2.1,68
2017-12-04 8:00,7.7,9.9,0,1.4,78
2017-12-04 9:00,21.8,10.5,0,1.8,74
2017-12-04 10:00,51.8,10.4,0,2.8,74
2017-12-04 11:00,36,9.4,0,3.4,70
2017-12-04 12:00,81.7,9.2,0,3.2,69
2017-12-04 13:00,81.7,9.1,0,4.2,65
2017-12-04 14:00,46.3,7.9,0,4.7,63
2017-12-04 15:00,66.8,7,0,4.3,59
2017-12-04 16:00,84,6.6,0,3.7,55
2017-12-04 17:00,19.9,6.1,0,3.8,59
2017-12-04 18:00,1.7,5.9,0,3.5,56
2017-12-04 19:00,0.1,5.6,0,4.3,56
2017-12-04 20:00,0.1,5.4,0,4.1,61
2017-12-04 21:00,0.1,5.3,0,4.1,66
2017-12-04 22:00,0.1,5.1,0,3.6,58
2017-12-04 23:00,0.1,5.2,0,3.3,57
2017-12-05 0:00,0.1,5.3,0,3.1,63
2017-12-05 1:00,0,5.4,0,3.5,73
2017-12-05 2:00,0.1,4.4,0,3.2,52
2017-12-05 3:00,0.1,4.2,0,2.8,70
2017-12-05 4:00,0.1,5,0,3.2,87
2017-12-05 5:00,0.1,4.4,0,3,88
2017-12-05 6:00,0,3.5,0,2.6,87
2017-12-05 7:00,0,2.7,0,2.4,72
2017-12-05 8:00,2.8,3.3,0,3.6,84
2017-12-05 9:00,11.8,2.7,0,2.6,77
2017-12-05 10:00,18.8,1.9,2,2.6,74
2017-12-05 11:00,59.9,2.2,2,2.6,72
2017-12-05 12:00,49.5,2.5,2,2,77
2017-12-05 13:00,99.2,3.2,2,1.8,89
2017-12-05 14:00,179.5,3.6,2,2.2,61
2017-12-05 15:00,150,4.1,3,4.1,68
2017-12-05 16:00,106.2,4.5,3,4.3,71
2017-12-05 17:00,51.5,4.9,3,3.9,59
2017-12-05 18:00,5.6,4.3,3,4.2,51
2017-12-05 19:00,0,5.5,3,4.3,51
2017-12-05 20:00,0,5.8,3,4.1,51
2017-12-05 21:00,0,6,3,4,52
2017-12-05 22:00,0,6.1,3,4,60
2017-12-05 23:00,0,6.1,3,3.1,71
2017-12-06 0:00,0,6.2,3,2.7,71
2017-12-06 1:00,0,4.9,0,1.7,66
2017-12-06 2:00,0,4.5,0,0.8,63
2017-12-06 3:00,0,3.8,1,1.4,69
2017-12-06 4:00,0,3.8,2,1.4,69
2017-12-06 5:00,0,4.1,2,1.3,68
2017-12-06 6:00,0,4.3,2,1.3,68
2017-12-06 7:00,0,4.5,2,1.3,68
2017-12-06 8:00,3.4,5,2,1.7,64
2017-12-06 9:00,14.8,5.4,2,1.6,63
2017-12-06 10:00,49.6,6.1,2,1.7,55
2017-12-06 11:00,247.9,8.2,2,2.1,44
2017-12-06 12:00,285.8,9.8,2,1.5,43
2017-12-06 13:00,275.5,9.6,2,1.5,45
2017-12-06 14:00,265.8,10.2,2,2,41
2017-12-06 15:00,185,10.1,2,2.4,40
2017-12-06 16:00,212.6,10.4,2,1.9,43
2017-12-06 17:00,104.1,10.1,2,1.3,52
2017-12-06 18:00,7.7,6.7,2,1.4,54
2017-12-06 19:00,0.1,5.3,2,1.9,55
2017-12-06 20:00,0.1,6,2,1.7,59
2017-12-06 21:00,0,6.1,2,1.6,57
2017-12-06 22:00,0.1,6.9,2,1.5,60
2017-12-06 23:00,0.1,7.6,2,1.5,61
2017-12-07 0:00,0.1,7.5,2,1.6,64
2017-12-07 1:00,0,6.8,0,1.8,64
2017-12-07 2:00,0,6.7,0,1.8,61
2017-12-07 3:00,0,6.1,0,2.1,60
2017-12-07 4:00,0.1,6.8,0,1.9,62
2017-12-07 5:00,0.1,7.3,0,2,63
2017-12-07 6:00,0,5.7,0,2,63
2017-12-07 7:00,0,5.6,0,1.9,60
2017-12-07 8:00,23.3,6.3,0,1.4,58
2017-12-07 9:00,134.8,8.4,0,1.1,52
2017-12-07 10:00,151.4,10.1,0,1.8,49
2017-12-07 11:00,235.2,11.2,0,2.2,51
2017-12-07 12:00,363.6,12.1,0,2.5,53
2017-12-07 13:00,405.8,12.3,0,3.2,50
2017-12-07 14:00,357.2,12.1,0,3.3,50
2017-12-07 15:00,234.2,11.8,0,3.1,46
2017-12-07 16:00,149,11,0,2.6,47
2017-12-07 17:00,56.7,10.3,0,1.9,52
2017-12-07 18:00,4,9.2,0,1.4,52
2017-12-07 19:00,0.1,8.2,0,1.3,69
2017-12-07 20:00,0.1,7.2,0,1.6,66
2017-12-07 21:00,0.1,8.8,0,2.4,67
2017-12-07 22:00,0.1,9.1,0,2.3,66
2017-12-07 23:00,0,7.7,0,3.3,60
2017-12-08 0:00,0,6.4,0,3.6,61
2017-12-08 1:00,0,6,0,3.2,66
2017-12-08 2:00,0,5.5,0,3.5,64
2017-12-08 3:00,0,4.8,0,3.6,56
2017-12-08 4:00,0,5,0,4.3,61
2017-12-08 5:00,0,5.4,0,4.3,71
2017-12-08 6:00,0,4.8,0,4.7,57
2017-12-08 7:00,0,4.4,0,4.2,64
2017-12-08 8:00,2.8,4.5,0,4.3,54
2017-12-08 9:00,43.2,4.2,0,4.5,70
2017-12-08 10:00,57.1,4,0,4.3,56
2017-12-08 11:00,125.9,3,0,3.5,51
2017-12-08 12:00,114,3.7,0,3.8,51
2017-12-08 13:00,86.7,4.1,0,3.6,58
2017-12-08 14:00,73.6,4,0,3.9,70
2017-12-08 15:00,82.3,4.1,0,4,55
2017-12-08 16:00,41.6,4.2,0,3.7,58
2017-12-08 17:00,15.7,4.4,0,3.3,64
2017-12-08 18:00,1.1,4.5,0,3,60
2017-12-08 19:00,0.1,4.7,0,3.1,60
2017-12-08 20:00,0.1,4.9,0,3.2,65
2017-12-08 21:00,0.1,5.1,0,2.9,61
2017-12-08 22:00,0.1,4.8,0,3,61
2017-12-08 23:00,0.1,5.3,0,3.3,63
2017-12-09 0:00,0.1,5.6,0,2.8,63
2017-12-09 1:00,0,5.6,0,2.5,61
2017-12-09 2:00,0.1,5.5,0,2.2,57
2017-12-09 3:00,0.1,5.6,0,2.2,58
2017-12-09 4:00,0.1,5.3,0,1.5,53
2017-12-09 5:00,0.1,5.4,0,1.8,51
2017-12-09 6:00,0.1,6.3,0,2.2,49
2017-12-09 7:00,0.1,6.7,0,2.6,50
2017-12-09 8:00,2.2,6.6,0,2.1,51
2017-12-09 9:00,23.8,6.7,0,1.9,54
2017-12-09 10:00,51.4,7.2,0,1.7,49
2017-12-09 11:00,74.1,7.4,0,1.9,51
2017-12-09 12:00,163.6,8.6,0,1.9,56
2017-12-09 13:00,246.5,9.1,0,2.4,50
2017-12-09 14:00,357.4,10.2,0,2.3,52
2017-12-09 15:00,177.6,10.2,0,2.4,54
2017-12-09 16:00,71.5,9.4,0,2.3,56
2017-12-09 17:00,32.3,9.1,0,1.9,59
2017-12-09 18:00,0.8,8.6,0,1.5,61
2017-12-09 19:00,0.1,8.6,0,1.6,61
2017-12-09 20:00,0.1,8.8,0,1.8,57
2017-12-09 21:00,0.1,8.3,0,2.1,57
2017-12-09 22:00,0.1,7.7,0,2.4,58
2017-12-09 23:00,0.1,7.8,0,2.3,58
2017-12-10 0:00,0.1,7.7,0,2.3,58
2017-12-10 1:00,0,7.6,0,2.3,58
2017-12-10 2:00,0.1,7.9,0,2.4,54
2017-12-10 3:00,0.1,6.9,0,1.7,57
2017-12-10 4:00,0.1,7,0,2,61
2017-12-10 5:00,0.1,6.9,0,1.7,58
2017-12-10 6:00,0.1,7.8,0,1.9,57
2017-12-10 7:00,0.1,10.1,0,2.4,58
2017-12-10 8:00,4.6,11,0,3.9,90
2017-12-10 9:00,7.5,10.2,0,3.8,90
2017-12-10 10:00,66.7,9.4,0,2.5,64
2017-12-10 11:00,353.2,11.6,0,2.8,61
2017-12-10 12:00,331.3,12.5,0,4.1,58
2017-12-10 13:00,342.1,12.6,0,4.5,57
2017-12-10 14:00,210.8,11.6,0,4.4,57
2017-12-10 15:00,228.9,11.8,1,4.3,54
2017-12-10 16:00,126.5,11.2,1,3.8,56
2017-12-10 17:00,39.9,10.7,1,4.5,56
2017-12-10 18:00,1.7,10.4,1,4.4,57
2017-12-10 19:00,0.1,10.3,1,4.2,57
2017-12-10 20:00,0.1,9.8,1,4.3,53
2017-12-10 21:00,0.1,9.6,1,4,58
2017-12-10 22:00,0.1,9.1,1,4.2,47
2017-12-10 23:00,0.1,8.3,1,4.3,53
2017-12-11 0:00,0.1,8.1,1,3.8,53
2017-12-11 1:00,0,7.9,0,3.8,55
2017-12-11 2:00,0.1,7.2,0,4.5,60
2017-12-11 3:00,0.1,6.7,0,4.8,66
2017-12-11 4:00,0.1,6.3,0,4.8,55
2017-12-11 5:00,0.1,5.8,0,4.3,50
2017-12-11 6:00,0.1,5.7,0,4,50
2017-12-11 7:00,0.1,5.3,0,3.9,53
2017-12-11 8:00,3.5,5.1,0,4,53
2017-12-11 9:00,63.3,5.3,0,4.1,47
2017-12-11 10:00,129.8,5.7,0,4,46
2017-12-11 11:00,241.8,6.4,0,4.1,47
2017-12-11 12:00,363.2,6.7,0,4.4,52
2017-12-11 13:00,352.8,6.7,0,4.4,66
2017-12-11 14:00,187.4,6.2,0,4.9,68
2017-12-11 15:00,58.7,4.4,0,4.1,68
2017-12-11 16:00,56.7,4.7,0,4.6,59
2017-12-11 17:00,25.9,4.9,0,4.2,71
2017-12-11 18:00,4.3,4.6,0,4.4,72
2017-12-11 19:00,0.1,4.6,0,4.1,88
2017-12-11 20:00,0.1,4.1,0,4.7,67
2017-12-11 21:00,0,3.6,0,4.5,79
2017-12-11 22:00,0,4,0,4.7,81
2017-12-11 23:00,0,3.8,0,4.3,65
2017-12-12 0:00,0,2.6,0,3.6,67
2017-12-12 1:00,0,2.9,0,3.6,61
2017-12-12 2:00,0,3.2,0,3.8,66
2017-12-12 3:00,0,3.1,0,4.1,61
2017-12-12 4:00,0,2.7,0,3.2,67
2017-12-12 5:00,0,2.4,0,2.9,63
2017-12-12 6:00,0,2.5,0,2.7,59
2017-12-12 7:00,0.1,2.6,0,3.1,59
2017-12-12 8:00,1.3,2.7,0,3.3,75
2017-12-12 9:00,14.3,2.6,0,2.9,71
2017-12-12 10:00,37.8,1.6,0,2.7,66
2017-12-12 11:00,42.6,1.3,0,2.1,66
2017-12-12 12:00,62.3,1.7,0,2.6,65
2017-12-12 13:00,89.8,1.8,0,2.7,63
2017-12-12 14:00,82.9,1.8,0,2.6,64
2017-12-12 15:00,64.9,2.1,0,2.3,63
2017-12-12 16:00,54,2,0,2.7,58
2017-12-12 17:00,21.2,2,0,2.4,62
2017-12-12 18:00,1.6,2,0,2.2,63
2017-12-12 19:00,0.1,2,0,2.3,62
2017-12-12 20:00,0.1,1.9,0,2.5,58
2017-12-12 21:00,0.1,1.7,0,2.4,59
2017-12-12 22:00,0.1,1.8,0,1.5,60
2017-12-12 23:00,0.1,1.8,0,1.5,59
2017-12-13 0:00,0.1,1.9,0,1,64
2017-12-13 1:00,0,2.1,0,0.9,65
2017-12-13 2:00,0.1,2.3,0,1,64
2017-12-13 3:00,0.1,2.4,0,0.9,66
2017-12-13 4:00,0.1,2.5,0,1.1,64
2017-12-13 5:00,0.1,2.7,0,1.4,62
2017-12-13 6:00,0.1,2.7,0,1.6,69
2017-12-13 7:00,0.1,2.7,0,0.9,70
2017-12-13 8:00,0.9,2.7,0,1.9,67
2017-12-13 9:00,8.7,2.4,0,2,66
2017-12-13 10:00,37.7,2.2,0,2.1,67
2017-12-13 11:00,40.6,2.5,0,1.7,63
2017-12-13 12:00,78.6,2.8,0,2.2,64
2017-12-13 13:00,134.7,3.2,0,1.6,65
2017-12-13 14:00,78.6,3,0,1.9,63
2017-12-13 15:00,72.4,3,0,1.8,63
2017-12-13 16:00,57.8,3,0,1.9,59
2017-12-13 17:00,23.5,3,0,2,56
2017-12-13 18:00,2,2.7,0,2.1,52
2017-12-13 19:00,0.1,2.3,0,1.9,54
2017-12-13 20:00,0.1,1.6,0,1.3,51
2017-12-13 21:00,0.1,0.9,0,0.6,63
2017-12-13 22:00,0.1,0.1,0,0.4,62
2017-12-13 23:00,0.1,-0.2,0,0.7,64
